mcc,mnc,lac,cellid,radio,lat,lon,range,samples
310,410,5012,100000,LTE,37.724468,-122.488561,1000,191
310,120,2424,100001,NR,38.234756,-122.024831,5000,11
310,120,1434,100002,NR,38.016461,-122.367101,1000,186
310,260,8359,100003,NR,37.516487,-122.825265,2000,4
310,410,6574,100004,LTE,37.786318,-122.65497,1000,58
310,260,7224,100005,LTE,38.080592,-122.515652,2000,91
310,120,8527,100006,NR,37.270066,-122.85958,500,99
310,120,6925,100007,NR,38.031451,-122.261078,1000,183
310,410,2307,100008,LTE,38.241493,-122.17029,500,100
310,410,3664,100009,LTE,37.687929,-121.859725,2000,56
310,120,2169,100010,NR,37.513117,-122.965028,1000,139
310,410,5422,100011,NR,37.747559,-122.656287,1000,178
310,260,4752,100012,LTE,37.505563,-121.808491,2000,105
310,120,6155,100013,LTE,37.748097,-122.145737,5000,104
310,260,5339,100014,LTE,38.15098,-122.799848,1000,193
310,120,8019,100015,NR,37.521688,-122.536863,5000,95
310,120,9085,100016,LTE,38.007297,-121.058673,500,31
310,120,7916,100017,NR,37.893372,-122.22587,500,101
310,120,5119,100018,NR,36.916609,-121.516873,500,177
310,120,5371,100019,GSM,37.678024,-123.014443,2000,31
310,260,5315,100020,NR,37.719463,-122.193396,1000,132
310,410,9317,100021,NR,38.378607,-122.84144,1000,42
310,120,1009,100022,NR,37.62899,-122.250354,2000,128
310,410,4923,100023,LTE,38.574101,-122.307064,1000,148
310,410,2133,100024,GSM,37.914865,-122.474785,1000,35
310,260,5342,100025,NR,37.319438,-123.23679,5000,57
310,120,4295,100026,UMTS,38.304536,-122.709295,2000,105
310,410,9479,100027,LTE,38.281736,-122.437059,500,66
310,120,4770,100028,NR,37.825235,-122.060612,1000,4
310,260,2104,100029,LTE,38.220826,-122.175691,2000,21
310,410,4510,100030,NR,37.493235,-122.448108,1000,188
310,410,4981,100031,NR,38.193406,-122.624543,5000,51
310,410,7939,100032,LTE,38.200739,-122.091662,5000,189
310,120,2612,100033,LTE,38.255215,-122.224996,5000,189
310,260,4139,100034,LTE,37.404457,-121.745779,5000,38
310,260,2235,100035,LTE,37.525467,-122.267044,500,15
310,260,2528,100036,GSM,37.523094,-122.826932,1000,45
310,410,1960,100037,LTE,37.441197,-122.165142,5000,3
310,410,5673,100038,LTE,38.048502,-122.448346,5000,42
310,260,9883,100039,LTE,37.865332,-122.158854,2000,17
310,120,3579,100040,LTE,38.153668,-122.278321,500,50
310,260,7615,100041,LTE,37.89423,-122.356767,1000,151
310,410,9565,100042,LTE,37.37172,-122.730513,2000,55
310,410,7484,100043,LTE,37.628001,-122.72354,2000,120
310,260,1152,100044,LTE,37.538862,-121.808466,500,21
310,260,6718,100045,LTE,37.370867,-122.530669,1000,97
310,120,5956,100046,NR,37.69294,-122.000195,500,173
310,120,2697,100047,LTE,37.895727,-122.72727,2000,32
310,260,5462,100048,LTE,38.218416,-122.840267,1000,186
310,410,9280,100049,NR,37.480752,-121.910287,2000,16
310,410,1722,100050,LTE,38.08222,-122.189326,2000,200
310,260,8239,100051,NR,38.440532,-121.600906,5000,146
310,120,3442,100052,NR,37.913083,-122.409793,500,97
310,260,1685,100053,LTE,37.602776,-122.531619,2000,13
310,260,2684,100054,LTE,37.968401,-122.582365,5000,161
310,260,3662,100055,LTE,37.77228,-123.331624,5000,9
310,410,5065,100056,LTE,38.11653,-121.598263,1000,182
310,410,4644,100057,LTE,38.32727,-121.909759,5000,92
310,260,4652,100058,LTE,37.563014,-121.749311,1000,105
310,410,6753,100059,NR,37.444581,-121.714594,5000,176
310,260,2889,100060,LTE,38.205729,-122.477991,1000,151
310,260,8119,100061,LTE,38.042249,-122.492684,2000,114
310,410,4114,100062,LTE,37.445858,-122.715695,500,184
310,120,4228,100063,LTE,37.384655,-122.22991,5000,20
310,120,6143,100064,NR,38.522731,-122.703795,500,187
310,120,7691,100065,LTE,38.111795,-122.698963,5000,181
310,410,7211,100066,UMTS,37.723224,-122.2192,1000,160
310,260,5978,100067,LTE,37.450778,-122.591172,1000,113
310,410,8618,100068,LTE,37.881424,-122.952097,5000,175
310,120,3780,100069,NR,37.864494,-121.978258,500,75
310,410,2530,100070,GSM,37.281707,-122.474296,1000,175
310,260,1400,100071,LTE,37.539801,-121.745972,1000,124
310,410,7790,100072,NR,37.316647,-122.859765,1000,186
310,260,3417,100073,NR,37.639716,-122.860262,500,195
310,410,4585,100074,LTE,38.240891,-123.05954,5000,15
310,260,8478,100075,LTE,37.043428,-122.734721,5000,173
310,410,8251,100076,NR,37.33562,-122.518874,5000,143
310,410,8373,100077,LTE,37.580601,-122.340892,1000,166
310,410,4919,100078,LTE,37.671257,-121.735934,5000,22
310,410,6238,100079,NR,37.716804,-122.704183,500,38
310,260,4505,100080,LTE,37.97563,-122.100159,5000,107
310,260,4388,100081,LTE,37.58415,-122.02801,5000,200
310,120,7232,100082,NR,37.308722,-122.730337,500,93
310,410,9818,100083,GSM,37.670254,-122.040105,1000,127
310,260,7371,100084,LTE,37.846408,-121.99929,5000,188
310,260,9751,100085,LTE,37.974789,-122.032874,5000,154
310,120,8022,100086,LTE,37.699477,-122.456311,5000,49
310,260,8449,100087,LTE,38.099695,-122.298057,2000,197
310,410,5133,100088,LTE,37.980505,-122.64106,5000,7
310,410,4673,100089,NR,37.774198,-122.55023,500,169
310,260,4266,100090,LTE,37.859983,-122.394265,1000,64
310,120,4571,100091,LTE,38.140317,-121.995323,2000,199
310,120,2876,100092,GSM,37.450367,-122.018901,1000,82
310,410,7149,100093,LTE,37.837016,-122.362086,1000,22
310,260,2669,100094,UMTS,37.222763,-122.83162,2000,178
310,120,1672,100095,LTE,37.631327,-122.539263,5000,172
310,410,1207,100096,LTE,37.489288,-122.074293,5000,30
310,410,3506,100097,LTE,37.471503,-122.265518,1000,190
310,120,9817,100098,GSM,37.272159,-122.4984,5000,122
310,410,6280,100099,LTE,37.253537,-122.164105,500,74
310,410,7209,100100,LTE,37.967495,-122.621891,500,129
310,260,6813,100101,LTE,37.90631,-122.623528,2000,74
310,410,1166,100102,NR,38.172211,-122.844085,1000,24
310,120,4937,100103,UMTS,37.794306,-122.011455,5000,168
310,260,2524,100104,LTE,37.684273,-122.843098,1000,106
310,120,7046,100105,NR,37.66786,-122.738807,2000,111
310,410,8434,100106,LTE,38.217346,-122.430104,2000,67
310,410,2958,100107,GSM,37.843143,-121.784784,1000,52
310,120,9595,100108,NR,37.859332,-121.969356,2000,28
310,410,3939,100109,LTE,37.920466,-122.710516,500,184
310,260,5786,100110,UMTS,37.501044,-122.487575,1000,166
310,260,5658,100111,NR,38.050415,-122.761272,5000,115
310,410,8827,100112,LTE,37.284859,-121.5455,500,105
310,120,1878,100113,LTE,37.316381,-122.392201,1000,147
310,260,2940,100114,NR,37.915108,-122.472439,5000,158
310,120,7232,100115,LTE,37.375015,-122.734738,5000,79
310,410,1986,100116,NR,38.453058,-123.354265,500,198
310,120,2330,100117,LTE,37.838067,-122.153627,1000,47
310,410,8381,100118,UMTS,37.581477,-122.494297,5000,77
310,410,8438,100119,LTE,38.057396,-122.352244,1000,70
310,120,4241,100120,LTE,37.890328,-122.96393,500,142
310,410,3330,100121,LTE,37.806236,-122.195027,500,45
310,120,5728,100122,LTE,37.899448,-122.938063,500,122
310,410,9199,100123,NR,37.570854,-122.994384,5000,115
310,410,6280,100124,NR,37.862247,-122.364159,2000,9
310,120,1339,100125,GSM,38.526359,-121.864285,2000,150
310,410,9502,100126,NR,38.344312,-122.251304,5000,74
310,120,9056,100127,LTE,37.968691,-121.937077,5000,92
310,260,3634,100128,LTE,37.516567,-122.22771,5000,180
310,410,1601,100129,LTE,37.259185,-122.402616,500,83
310,410,9431,100130,LTE,37.772281,-122.22086,5000,108
310,120,9167,100131,NR,38.173714,-122.257877,5000,197
310,260,5719,100132,LTE,38.036415,-122.318932,5000,34
310,260,3594,100133,LTE,38.260367,-122.317642,500,144
310,260,8560,100134,LTE,37.565771,-122.263456,1000,130
310,120,5479,100135,LTE,38.040033,-122.555863,5000,123
310,410,4122,100136,NR,37.792349,-121.91341,1000,20
310,410,6568,100137,NR,37.673384,-121.722294,2000,3
310,120,9022,100138,LTE,37.714513,-122.089683,5000,140
310,120,7180,100139,LTE,37.461762,-122.384076,2000,51
310,410,4826,100140,GSM,38.031574,-122.455008,5000,14
310,410,7325,100141,NR,37.610351,-122.007577,1000,129
310,120,6439,100142,LTE,37.952313,-122.464957,5000,28
310,120,3361,100143,LTE,37.39328,-122.491152,1000,22
310,410,7512,100144,NR,36.868404,-122.218335,500,87
310,410,6188,100145,NR,38.190568,-123.053422,5000,141
310,120,5708,100146,LTE,37.903335,-122.385718,500,114
310,120,2646,100147,LTE,38.361054,-122.511145,1000,180
310,410,1919,100148,LTE,37.748956,-122.327092,2000,98
310,410,3950,100149,LTE,37.537443,-122.293126,1000,23
310,120,4945,100150,NR,37.50938,-122.668809,1000,62
310,410,1153,100151,LTE,37.514916,-122.345395,2000,176
310,410,5901,100152,NR,37.643624,-122.464626,5000,179
310,260,7302,100153,NR,37.774483,-121.646604,500,63
310,410,5837,100154,LTE,37.532366,-122.163545,5000,73
310,120,1803,100155,NR,38.474515,-122.378682,5000,76
310,410,4588,100156,NR,37.815661,-122.70491,1000,161
310,120,3240,100157,NR,37.772586,-121.747963,500,163
310,410,1546,100158,NR,37.592494,-122.692875,2000,190
310,410,7807,100159,LTE,38.295253,-121.774755,1000,36
310,410,9697,100160,NR,37.937676,-123.216003,2000,45
310,410,5835,100161,GSM,37.746305,-121.673668,2000,32
310,260,7511,100162,NR,37.639141,-122.388114,2000,26
310,120,3024,100163,LTE,37.789716,-122.484196,2000,175
310,410,7086,100164,LTE,37.773205,-122.731307,1000,123
310,120,6374,100165,NR,38.492754,-122.28933,1000,168
310,120,5951,100166,NR,38.37637,-122.131037,5000,32
310,410,9071,100167,LTE,38.315289,-121.67499,500,63
310,410,7078,100168,UMTS,37.918428,-122.559926,5000,153
310,410,2622,100169,NR,37.765053,-122.650888,5000,74
310,410,8285,100170,LTE,38.104566,-122.340842,2000,28
310,120,6876,100171,LTE,38.107408,-122.465157,5000,73
310,410,2501,100172,NR,37.840871,-122.229641,1000,167
310,260,6464,100173,LTE,37.178681,-123.237741,1000,147
310,120,4394,100174,NR,37.95785,-121.696236,1000,62
310,120,1046,100175,LTE,37.681196,-122.220357,1000,36
310,260,1422,100176,LTE,37.168297,-122.5984,500,94
310,410,1258,100177,LTE,37.839041,-122.705016,2000,16
310,260,2041,100178,NR,38.030738,-122.12048,5000,95
310,120,4629,100179,NR,37.607284,-122.43537,500,189
310,120,5941,100180,LTE,37.920605,-123.205399,500,18
310,410,2768,100181,NR,38.453417,-122.426286,5000,21
310,260,2076,100182,LTE,38.023744,-122.628033,2000,162
310,410,7240,100183,NR,37.479088,-122.793651,2000,119
310,120,2874,100184,NR,37.403905,-122.434194,1000,113
310,410,8430,100185,LTE,37.534387,-122.333048,5000,189
310,120,5176,100186,LTE,38.080173,-122.182024,1000,178
310,260,2527,100187,LTE,37.890402,-122.488777,500,193
310,120,1982,100188,NR,37.729907,-123.148635,2000,174
310,120,7929,100189,UMTS,38.010081,-122.159814,500,76
310,120,9313,100190,LTE,37.511795,-122.639051,1000,171
310,410,7022,100191,LTE,37.100629,-122.332803,2000,149
310,120,1430,100192,NR,37.830206,-122.00061,2000,10
310,410,6567,100193,LTE,38.005723,-121.854976,500,49
310,410,2140,100194,LTE,38.084319,-122.796621,500,26
310,410,8432,100195,LTE,37.768949,-122.697736,1000,97
310,120,2391,100196,LTE,37.65784,-122.091401,1000,43
310,260,5458,100197,LTE,37.778016,-122.547154,5000,127
310,260,9394,100198,LTE,37.491815,-122.677181,2000,113
310,120,8972,100199,NR,38.179128,-122.03285,2000,14
310,260,1125,100200,LTE,37.960917,-121.284896,2000,57
310,410,6375,100201,LTE,37.839624,-123.095271,500,130
310,410,9725,100202,UMTS,37.770818,-122.66801,1000,131
310,410,2180,100203,LTE,37.290096,-122.633644,500,114
310,410,8033,100204,NR,38.558353,-122.313474,5000,184
310,410,1341,100205,LTE,37.590638,-122.674415,1000,161
310,410,2443,100206,LTE,37.256259,-122.267597,500,65
310,260,7484,100207,LTE,37.449394,-122.260292,2000,59
310,120,2868,100208,NR,37.669022,-122.209009,1000,92
310,120,3419,100209,LTE,37.251537,-121.607996,500,40
310,260,2234,100210,LTE,37.766799,-122.172638,5000,121
310,410,6295,100211,NR,37.791412,-123.094794,2000,41
310,120,5961,100212,LTE,37.409008,-122.253116,500,93
310,410,1616,100213,LTE,37.473467,-122.435292,2000,76
310,260,9307,100214,LTE,38.394637,-122.04876,5000,151
310,260,8368,100215,NR,37.19059,-122.656582,1000,85
310,260,8381,100216,LTE,37.448649,-122.70864,2000,185
310,260,5059,100217,UMTS,38.210214,-122.128001,5000,115
310,410,7108,100218,LTE,37.300201,-122.502074,5000,107
310,260,6482,100219,LTE,37.855676,-123.015216,2000,27
310,410,3463,100220,LTE,37.451579,-122.560256,500,152
310,410,7421,100221,LTE,37.371797,-123.183103,500,82
310,410,3093,100222,UMTS,37.306271,-122.627264,500,168
310,260,6940,100223,LTE,37.574984,-122.837832,1000,57
310,260,4711,100224,LTE,37.449726,-121.847661,1000,22
310,120,9843,100225,UMTS,37.599934,-121.7437,500,172
310,260,7172,100226,LTE,37.465429,-121.836211,1000,49
310,260,8170,100227,LTE,38.068892,-123.018514,5000,96
310,410,5668,100228,GSM,37.659849,-122.683015,5000,62
310,410,4178,100229,LTE,37.480551,-122.492403,5000,121
310,120,9641,100230,LTE,37.848896,-123.10835,1000,54
310,410,1854,100231,NR,37.83537,-122.626504,5000,98
310,120,3042,100232,LTE,37.621521,-122.481937,500,198
310,120,3414,100233,LTE,37.979122,-122.050025,500,59
310,260,7797,100234,LTE,38.070911,-123.178761,5000,131
310,260,7142,100235,LTE,37.531993,-122.138146,500,84
310,120,6493,100236,LTE,38.38181,-122.741403,1000,12
310,120,3273,100237,GSM,37.623646,-121.686804,5000,117
310,260,5193,100238,LTE,37.205266,-122.995879,1000,143
310,410,2821,100239,GSM,38.221047,-122.62044,2000,63
310,410,8489,100240,LTE,37.740315,-122.30068,500,130
310,120,4963,100241,UMTS,37.722594,-122.460988,1000,77
310,260,7825,100242,LTE,37.338441,-122.181758,500,137
310,120,9914,100243,NR,37.904273,-122.443147,500,102
310,410,7116,100244,LTE,37.847963,-122.50467,500,94
310,120,2698,100245,GSM,37.85204,-122.776513,2000,37
310,120,3868,100246,GSM,38.1978,-122.281169,5000,181
310,260,2033,100247,UMTS,37.554876,-122.385273,5000,12
310,260,1686,100248,LTE,37.746659,-122.304107,2000,134
310,410,5150,100249,LTE,37.258638,-121.980589,1000,76
310,120,6438,100250,LTE,37.395179,-121.874038,500,97
310,410,7334,100251,LTE,37.448517,-122.263386,1000,130
310,120,5369,100252,LTE,37.655666,-122.777084,5000,23
310,260,9937,100253,LTE,36.740224,-121.868464,2000,29
310,410,8305,100254,NR,38.225875,-122.135766,5000,45
310,260,6776,100255,NR,37.654529,-122.76536,5000,73
310,260,2229,100256,UMTS,37.378267,-122.963634,5000,96
310,260,1510,100257,LTE,37.194166,-122.474094,5000,11
310,120,7001,100258,LTE,37.955081,-122.210272,5000,148
310,410,7077,100259,LTE,37.972747,-122.372744,5000,198
310,410,7521,100260,LTE,37.943613,-122.318261,2000,66
310,260,9176,100261,NR,37.852648,-122.441905,5000,146
310,120,8311,100262,LTE,38.221337,-121.953609,2000,180
310,260,3223,100263,LTE,38.127023,-122.652374,5000,47
310,260,6236,100264,UMTS,38.080358,-122.677486,2000,184
310,410,3580,100265,UMTS,38.176487,-122.221,1000,95
310,260,3275,100266,LTE,37.597128,-122.430588,5000,9
310,410,3126,100267,NR,37.482163,-122.019598,500,19
310,120,8842,100268,NR,37.271363,-120.946787,5000,199
310,260,6194,100269,NR,37.389242,-122.137485,500,118
310,260,3981,100270,GSM,37.36213,-122.316544,1000,113
310,260,9488,100271,LTE,37.070382,-122.433889,2000,45
310,260,6669,100272,NR,38.204498,-121.624202,2000,23
310,120,5496,100273,LTE,37.77301,-121.851456,2000,160
310,260,3526,100274,LTE,37.370393,-122.518103,2000,147
310,260,1744,100275,NR,38.450481,-122.214973,2000,169
310,120,1496,100276,NR,37.886073,-121.913908,2000,167
310,120,7653,100277,LTE,38.162079,-122.542995,5000,21
310,410,8933,100278,LTE,37.697656,-122.636815,1000,90
310,120,6231,100279,UMTS,37.537407,-122.634507,2000,105
310,120,2739,100280,LTE,38.004245,-122.137576,1000,122
310,260,2586,100281,LTE,38.049532,-122.11516,2000,101
310,260,6364,100282,NR,38.014338,-122.733095,2000,51
310,120,8648,100283,NR,37.808751,-122.88759,2000,130
310,120,8491,100284,LTE,38.609561,-122.279502,1000,152
310,410,8710,100285,LTE,37.706996,-122.316573,500,30
310,120,6992,100286,GSM,37.117797,-122.071351,5000,96
310,120,4189,100287,LTE,37.883775,-122.383045,2000,21
310,120,5582,100288,NR,37.485531,-122.132787,500,35
310,410,6990,100289,GSM,38.120867,-122.481813,1000,53
310,260,1742,100290,LTE,37.491307,-122.662628,1000,185
310,410,3440,100291,NR,37.577238,-122.026464,1000,86
310,410,5902,100292,NR,38.053365,-122.565826,2000,132
310,120,5911,100293,NR,37.978707,-122.854086,500,97
310,410,6040,100294,UMTS,37.692505,-122.251229,500,155
310,120,4728,100295,UMTS,36.872046,-122.253249,500,152
310,120,7229,100296,LTE,37.351509,-122.359658,1000,11
310,260,1310,100297,LTE,37.286922,-122.692915,2000,110
310,410,9221,100298,GSM,38.086062,-121.920567,5000,191
310,120,4397,100299,NR,37.697426,-123.038796,2000,172
310,260,8531,100300,NR,37.437646,-122.366695,2000,142
310,120,5331,100301,NR,37.408168,-121.874044,5000,52
310,410,4684,100302,LTE,38.04789,-122.505093,2000,183
310,410,8861,100303,LTE,37.919944,-121.816773,2000,76
310,410,7464,100304,LTE,38.154011,-122.002824,1000,77
310,260,6674,100305,LTE,38.617225,-122.158863,2000,194
310,120,5442,100306,NR,37.54176,-122.384173,2000,38
310,260,4972,100307,LTE,38.219888,-122.00283,1000,166
310,410,8739,100308,LTE,37.792211,-122.236659,1000,4
310,260,7666,100309,NR,38.717472,-122.663611,5000,125
310,410,6262,100310,LTE,37.431014,-122.964204,500,199
310,120,1611,100311,LTE,38.161854,-122.140848,5000,48
310,410,9116,100312,LTE,37.862041,-122.463299,2000,12
310,260,6489,100313,LTE,38.227578,-122.389242,5000,167
310,260,9261,100314,LTE,37.381444,-122.544848,2000,52
310,120,8518,100315,NR,37.888181,-122.753644,2000,186
310,410,4164,100316,LTE,37.997999,-121.817804,5000,112
310,120,2562,100317,LTE,37.626491,-122.435735,1000,125
310,410,7284,100318,LTE,37.656992,-122.149089,5000,195
310,120,1187,100319,LTE,37.74154,-122.063703,2000,180
310,410,6026,100320,LTE,37.819563,-121.827769,5000,178
310,120,6095,100321,UMTS,37.031719,-122.432852,500,166
310,120,4618,100322,LTE,38.027864,-122.587614,1000,125
310,120,7121,100323,LTE,38.106864,-121.874613,5000,196
310,260,5054,100324,UMTS,37.27221,-122.557394,500,137
310,260,2838,100325,LTE,37.25922,-122.214505,1000,149
310,120,8239,100326,LTE,37.570577,-122.47416,1000,186
310,120,8298,100327,LTE,37.642448,-122.50656,5000,36
310,260,8575,100328,UMTS,37.389564,-122.456142,2000,188
310,260,4570,100329,NR,38.040616,-122.3776,500,14
310,120,1987,100330,LTE,37.292759,-122.132937,5000,11
310,260,7887,100331,LTE,37.72398,-122.174226,5000,117
310,410,2314,100332,UMTS,38.295492,-123.056008,1000,170
310,120,7439,100333,NR,37.887263,-122.574059,1000,189
310,260,5888,100334,LTE,38.433187,-122.520574,5000,139
310,410,6671,100335,LTE,37.591377,-122.220639,2000,51
310,260,1527,100336,NR,38.294384,-122.665709,5000,160
310,260,4943,100337,LTE,37.848018,-123.245039,500,28
310,120,1797,100338,LTE,37.458664,-122.661526,500,105
310,260,3295,100339,NR,37.370545,-122.232941,2000,62
310,410,6253,100340,LTE,38.002891,-123.013452,2000,39
310,410,5923,100341,LTE,38.197993,-122.462976,500,145
310,260,7999,100342,NR,38.457879,-122.681063,5000,15
310,120,7244,100343,NR,38.596465,-122.584545,2000,181
310,410,4012,100344,GSM,37.602795,-122.305276,5000,64
310,120,3365,100345,LTE,37.947918,-122.693943,500,146
310,120,3196,100346,LTE,37.464924,-122.202853,1000,68
310,410,7079,100347,LTE,37.920818,-121.86701,1000,16
310,120,1647,100348,LTE,37.714277,-121.824797,1000,197
310,260,8854,100349,LTE,37.329788,-122.7315,2000,80
310,260,2922,100350,GSM,37.834199,-122.43816,5000,65
310,410,4921,100351,NR,37.591986,-123.007292,2000,75
310,410,6053,100352,LTE,37.458533,-122.082688,2000,134
310,120,8692,100353,GSM,38.065391,-122.7203,2000,55
310,120,4625,100354,UMTS,37.526057,-122.119229,1000,7
310,120,7841,100355,LTE,37.719582,-121.486934,1000,53
310,260,9180,100356,NR,37.61033,-122.076596,2000,68
310,120,9037,100357,LTE,37.808888,-122.881025,1000,190
310,120,9954,100358,NR,37.834336,-122.653341,1000,141
310,120,1554,100359,LTE,38.652059,-122.480424,500,198
310,120,4791,100360,LTE,37.96511,-122.410676,1000,5
310,260,8916,100361,NR,37.850319,-121.986509,5000,7
310,260,1274,100362,NR,38.217835,-122.398356,2000,140
310,120,8054,100363,LTE,37.839337,-122.429891,500,27
310,120,9625,100364,LTE,37.518042,-122.464733,2000,71
310,410,8520,100365,NR,37.814466,-122.575273,1000,181
310,260,1519,100366,LTE,37.855185,-121.819177,5000,100
310,120,1154,100367,UMTS,37.489722,-122.102249,1000,24
310,410,2562,100368,NR,37.40153,-122.41902,500,61
310,120,8790,100369,LTE,37.944021,-121.637792,500,22
310,120,1539,100370,LTE,37.661207,-122.716728,2000,7
310,120,7525,100371,LTE,38.226811,-122.546937,2000,44
310,410,9856,100372,LTE,37.358305,-122.621741,5000,196
310,120,2284,100373,NR,37.735055,-123.125157,2000,16
310,260,6580,100374,NR,37.982863,-122.251946,5000,86
310,410,9038,100375,LTE,38.049753,-122.360244,2000,144
310,120,7227,100376,LTE,38.121915,-122.573136,2000,66
310,260,7225,100377,UMTS,37.741632,-122.580478,1000,192
310,260,1085,100378,LTE,37.520307,-122.177528,5000,95
310,260,4070,100379,LTE,37.786479,-122.604696,5000,145
310,260,2468,100380,LTE,37.437479,-122.557522,500,155
310,410,1202,100381,LTE,37.521899,-122.624093,5000,102
310,120,4977,100382,NR,37.877375,-123.051237,1000,178
310,410,5397,100383,NR,37.634798,-122.270421,1000,19
310,410,8933,100384,LTE,37.914707,-122.14047,2000,67
310,410,4203,100385,LTE,38.300075,-122.638804,500,37
310,410,7224,100386,LTE,37.487554,-121.50106,5000,88
310,120,3230,100387,LTE,37.183965,-122.10479,2000,157
310,410,3910,100388,LTE,37.996532,-122.506515,2000,77
310,120,4971,100389,LTE,37.72788,-122.983131,5000,74
310,260,4273,100390,NR,37.916787,-122.784672,1000,177
310,120,8563,100391,UMTS,37.783932,-122.512269,1000,115
310,260,7703,100392,UMTS,37.969788,-123.140399,5000,38
310,120,3525,100393,UMTS,37.600557,-122.640696,5000,99
310,410,7566,100394,NR,38.731901,-121.871053,5000,142
310,120,9796,100395,NR,38.670565,-122.178644,500,30
310,410,3725,100396,NR,37.835782,-123.000888,500,147
310,410,6432,100397,LTE,38.298639,-122.481266,500,5
310,120,9499,100398,NR,37.976802,-122.254821,1000,117
310,120,9199,100399,LTE,37.500424,-122.102224,2000,9
310,260,2901,100400,UMTS,37.483712,-122.383234,1000,92
310,260,9537,100401,NR,37.62862,-122.011384,2000,124
310,410,6225,100402,LTE,38.232835,-122.050976,2000,14
310,410,2791,100403,UMTS,37.838801,-122.603224,1000,192
310,260,6422,100404,NR,37.783187,-122.171898,5000,121
310,260,4053,100405,NR,37.815475,-122.01441,5000,104
310,260,8365,100406,NR,38.249797,-122.318719,5000,102
310,410,2025,100407,NR,38.018206,-122.411623,500,140
310,410,2867,100408,LTE,37.894847,-122.091605,5000,138
310,410,7431,100409,NR,38.071483,-122.493118,500,92
310,260,5873,100410,NR,37.543364,-122.064584,500,175
310,410,2916,100411,LTE,37.891684,-122.270013,2000,180
310,120,3258,100412,NR,37.993866,-122.111591,5000,111
310,120,3838,100413,NR,37.97022,-121.896785,1000,128
310,410,1878,100414,LTE,37.720474,-122.169565,500,127
310,120,9281,100415,NR,38.19558,-121.863347,5000,107
310,410,9006,100416,LTE,37.630183,-122.799606,500,147
310,410,1535,100417,LTE,38.356022,-122.288983,1000,140
310,120,9115,100418,NR,37.628202,-121.743019,500,149
310,410,9880,100419,GSM,38.230428,-121.965018,500,197
310,410,2677,100420,UMTS,37.689672,-122.912809,1000,79
310,410,6711,100421,LTE,37.838174,-122.491887,5000,33
310,120,6744,100422,UMTS,37.816175,-122.709764,5000,45
310,260,1972,100423,NR,37.317629,-122.886891,2000,139
310,410,5794,100424,LTE,37.690396,-121.931233,2000,134
310,260,3221,100425,GSM,38.300557,-122.474329,5000,18
310,260,3174,100426,LTE,38.477218,-122.457322,1000,185
310,120,7434,100427,NR,37.659367,-122.148139,1000,150
310,410,8405,100428,LTE,37.443496,-122.835123,500,106
310,410,8449,100429,NR,37.493628,-122.451037,2000,151
310,120,2526,100430,UMTS,38.378578,-122.408679,5000,165
310,260,9756,100431,LTE,37.605577,-122.74263,1000,112
310,410,5646,100432,LTE,37.960213,-122.83604,1000,147
310,120,1793,100433,LTE,38.144973,-122.983274,500,163
310,260,3588,100434,LTE,37.856959,-122.853147,5000,3
310,120,3161,100435,NR,38.144245,-122.441066,2000,43
310,260,6905,100436,LTE,38.279328,-123.000082,500,98
310,260,7493,100437,NR,37.515775,-122.916641,2000,188
310,120,2494,100438,UMTS,37.695047,-122.696952,500,3
310,120,4705,100439,NR,37.807021,-122.262498,5000,5
310,260,7919,100440,UMTS,38.095629,-122.400815,1000,125
310,120,2678,100441,LTE,38.085393,-122.25016,2000,97
310,260,3340,100442,LTE,37.914277,-122.56713,500,159
310,120,4490,100443,NR,37.553367,-122.767966,1000,108
310,260,2420,100444,LTE,37.492841,-122.707489,1000,195
310,410,8035,100445,LTE,38.180007,-121.96702,1000,66
310,120,5668,100446,GSM,37.750138,-122.253984,500,171
310,120,9348,100447,LTE,37.943615,-122.610223,5000,78
310,260,9108,100448,LTE,37.403024,-122.975703,500,64
310,120,1197,100449,LTE,37.305007,-122.417991,2000,36
310,410,6986,100450,NR,37.268082,-121.920519,1000,198
310,260,1273,100451,NR,36.757129,-122.20519,500,6
310,260,7520,100452,NR,37.767268,-122.305693,2000,163
310,410,7590,100453,LTE,37.635887,-123.083524,1000,74
310,260,3545,100454,NR,37.89777,-122.338016,2000,103
310,120,2083,100455,LTE,37.266283,-122.770289,5000,189
310,260,2412,100456,LTE,38.022367,-122.504605,500,119
310,120,3877,100457,LTE,37.685258,-122.506673,500,184
310,410,6680,100458,NR,37.809319,-122.373512,2000,45
310,410,2934,100459,GSM,37.371122,-121.939419,500,88
310,260,5308,100460,UMTS,37.872831,-122.717813,500,130
310,410,3734,100461,LTE,37.45718,-122.314396,1000,68
310,120,2889,100462,LTE,37.883265,-123.258241,500,14
310,260,8729,100463,LTE,37.809632,-122.468195,5000,41
310,260,7870,100464,LTE,38.15876,-121.502703,2000,66
310,410,2276,100465,NR,37.291786,-122.098728,2000,33
310,260,4656,100466,NR,37.020684,-122.430454,500,105
310,410,6090,100467,LTE,38.130274,-122.23162,500,144
310,410,5979,100468,UMTS,37.4514,-122.316373,1000,121
310,260,9954,100469,GSM,37.142083,-121.632312,1000,41
310,260,9872,100470,LTE,38.134174,-122.402937,500,88
310,120,6038,100471,LTE,38.287102,-122.414022,1000,138
310,260,3332,100472,UMTS,38.13806,-122.463596,2000,26
310,120,7767,100473,UMTS,38.019274,-122.340349,2000,120
310,260,9280,100474,LTE,37.920456,-122.446224,5000,22
310,120,3141,100475,LTE,37.669729,-122.497702,2000,69
310,410,6345,100476,LTE,38.248111,-123.154848,5000,72
310,260,2785,100477,LTE,37.861162,-121.4654,500,45
310,260,9780,100478,LTE,37.486144,-122.31118,1000,118
310,260,2481,100479,LTE,37.676514,-122.126341,2000,183
310,410,3430,100480,LTE,37.741999,-122.52784,1000,94
310,410,5262,100481,LTE,37.686752,-122.342511,500,106
310,120,5093,100482,LTE,38.04736,-122.822916,5000,29
310,260,2010,100483,GSM,37.838709,-122.626447,1000,36
310,120,2376,100484,NR,37.888267,-122.03601,2000,22
310,120,8265,100485,LTE,37.901484,-122.399459,500,87
310,260,3752,100486,NR,38.375103,-121.754441,5000,188
310,120,7990,100487,LTE,37.707243,-122.359421,2000,57
310,410,3435,100488,LTE,38.010271,-122.594158,1000,168
310,120,8848,100489,LTE,37.674041,-122.023624,500,74
310,120,9614,100490,LTE,37.504232,-122.139752,500,100
310,120,8940,100491,LTE,37.840664,-122.789156,2000,102
310,120,4588,100492,LTE,37.7646,-122.328229,2000,17
310,410,4813,100493,LTE,37.917335,-122.840923,500,66
310,120,1916,100494,GSM,37.622685,-122.681938,1000,150
310,410,3846,100495,LTE,38.131308,-123.006733,1000,154
310,410,1462,100496,UMTS,37.537476,-121.823486,2000,148
310,260,9064,100497,NR,37.359975,-122.619694,2000,47
310,260,4584,100498,LTE,37.62294,-122.408952,5000,3
310,260,6582,100499,UMTS,37.537607,-121.938588,1000,85
310,120,3320,100500,GSM,37.959092,-122.336734,500,137
310,410,7481,100501,NR,38.345076,-123.200374,500,89
310,260,8157,100502,NR,37.714319,-122.21409,5000,169
310,120,6846,100503,LTE,37.549843,-121.847674,1000,99
310,260,3911,100504,UMTS,37.588074,-121.846999,500,182
310,120,1530,100505,LTE,38.105852,-122.545724,2000,159
310,410,3304,100506,LTE,37.857087,-121.911509,500,63
310,120,2453,100507,UMTS,37.599403,-122.131375,2000,117
310,120,2110,100508,LTE,38.014397,-122.399768,2000,30
310,410,7875,100509,LTE,37.754578,-122.542895,5000,129
310,410,2661,100510,NR,38.014707,-122.671085,1000,44
310,260,5831,100511,LTE,37.176889,-122.203433,2000,69
310,260,7151,100512,LTE,37.906047,-122.466375,500,143
310,410,8909,100513,UMTS,38.678263,-122.814461,500,113
310,410,3573,100514,LTE,37.971491,-122.504391,500,87
310,120,9849,100515,LTE,37.837533,-122.169799,2000,79
310,120,9043,100516,LTE,37.783629,-122.292154,500,95
310,120,8869,100517,LTE,37.924752,-122.415293,500,9
310,260,8758,100518,LTE,37.908246,-121.869764,2000,104
310,410,2493,100519,NR,37.04435,-122.265261,5000,50
310,260,8303,100520,LTE,37.53846,-122.135321,2000,115
310,410,2009,100521,LTE,37.530235,-122.357005,500,24
310,410,4727,100522,NR,37.461998,-123.052254,500,102
310,120,8779,100523,NR,37.926796,-122.798113,1000,124
310,120,1568,100524,NR,37.668915,-122.037257,1000,33
310,260,4471,100525,LTE,38.137794,-122.556306,1000,13
310,410,4308,100526,NR,36.849813,-121.867038,1000,155
310,260,2425,100527,LTE,37.736785,-121.541039,5000,144
310,410,1202,100528,UMTS,37.645368,-122.133878,5000,31
310,120,2641,100529,LTE,37.604622,-122.30339,500,76
310,410,5327,100530,LTE,38.260013,-123.028884,5000,149
310,410,7602,100531,LTE,37.699973,-122.489305,5000,12
310,120,4892,100532,LTE,37.204378,-121.91882,5000,71
310,410,6094,100533,LTE,37.831365,-122.46815,5000,181
310,260,3201,100534,LTE,37.401458,-123.403144,5000,85
310,120,2462,100535,LTE,37.730662,-122.007113,5000,57
310,410,9462,100536,LTE,38.081157,-122.631074,500,134
310,120,9303,100537,LTE,37.808137,-122.561791,1000,137
310,260,4288,100538,LTE,37.836498,-122.486066,1000,11
310,120,4262,100539,LTE,37.021182,-122.177623,2000,121
310,260,1500,100540,LTE,37.277965,-122.437699,2000,128
310,410,6730,100541,LTE,37.593149,-122.558746,1000,69
310,410,1449,100542,LTE,37.771409,-123.030611,500,44
310,260,4626,100543,NR,38.144532,-122.972411,1000,176
310,120,1328,100544,GSM,37.911381,-121.859875,500,124
310,120,1138,100545,LTE,38.204136,-122.724203,2000,158
310,120,5511,100546,LTE,37.876279,-122.740675,5000,92
310,410,9530,100547,NR,37.537421,-122.347891,5000,152
310,120,7131,100548,NR,38.110234,-122.132363,2000,79
310,410,5529,100549,NR,37.614172,-122.839622,2000,73
310,120,5895,100550,LTE,37.736302,-121.790605,1000,135
310,120,7620,100551,NR,37.847763,-123.273152,2000,177
310,410,5843,100552,LTE,37.82559,-122.349435,5000,106
310,120,4111,100553,LTE,37.703232,-122.350133,1000,178
310,120,6873,100554,NR,37.175795,-122.570799,2000,46
310,260,5813,100555,LTE,38.160883,-123.108371,5000,35
310,120,3999,100556,UMTS,37.74282,-123.061263,2000,170
310,120,6031,100557,LTE,38.052555,-122.219975,2000,98
310,260,8709,100558,LTE,37.755536,-122.086326,500,123
310,120,7253,100559,NR,38.091692,-122.721118,2000,108
310,260,4281,100560,LTE,38.422543,-122.157842,5000,148
310,260,6183,100561,UMTS,38.578833,-123.152217,1000,23
310,260,6134,100562,NR,37.28216,-122.375368,500,4
310,260,3595,100563,NR,37.545787,-122.338041,500,36
310,410,8029,100564,NR,37.401853,-122.792799,5000,4
310,410,1230,100565,LTE,38.001806,-122.356754,1000,7
310,260,4707,100566,UMTS,37.556662,-122.922491,2000,82
310,120,6015,100567,LTE,38.012254,-122.134397,500,14
310,120,9524,100568,NR,37.688357,-122.102876,2000,114
310,410,9031,100569,LTE,38.651556,-123.269949,1000,45
310,410,1313,100570,LTE,38.51678,-122.706215,1000,189
310,260,9267,100571,LTE,38.014897,-122.445537,500,96
310,410,5190,100572,GSM,37.624816,-123.107328,500,155
310,120,1323,100573,LTE,38.290104,-122.439088,500,109
310,410,8772,100574,UMTS,37.606009,-122.348968,1000,55
310,410,7895,100575,NR,37.608206,-122.950566,500,172
310,120,3247,100576,LTE,37.290132,-122.490483,500,133
310,260,2741,100577,NR,37.740741,-122.615767,1000,158
310,120,4304,100578,LTE,37.859804,-122.122355,5000,78
310,260,8875,100579,LTE,38.010411,-121.99307,1000,3
310,260,9095,100580,LTE,37.925537,-122.405579,500,133
310,410,4787,100581,LTE,38.27492,-122.128013,2000,70
310,260,1646,100582,LTE,37.618423,-122.378573,2000,176
310,260,1751,100583,LTE,37.554822,-121.814412,1000,172
310,410,5395,100584,UMTS,37.586823,-122.704554,500,98
310,410,7557,100585,LTE,37.863196,-122.652731,2000,101
310,410,3732,100586,LTE,37.627705,-122.843522,1000,181
310,260,2699,100587,LTE,37.628827,-123.53749,5000,148
310,410,6875,100588,NR,37.678635,-122.6472,500,178
310,260,8914,100589,NR,38.186069,-122.860948,500,108
310,120,6148,100590,LTE,37.656979,-122.366715,1000,174
310,120,2560,100591,LTE,38.070856,-122.765619,1000,126
310,410,3435,100592,NR,37.477379,-121.924103,500,5
310,410,9123,100593,LTE,37.647938,-122.602624,500,195
310,410,1824,100594,NR,37.515403,-122.403823,1000,143
310,260,2291,100595,LTE,37.553955,-122.737921,5000,149
310,410,6178,100596,LTE,37.121471,-122.166855,5000,193
310,410,1587,100597,NR,37.681968,-122.572294,500,26
310,120,5990,100598,NR,38.00831,-123.41203,1000,170
310,410,1889,100599,LTE,37.368666,-123.282749,5000,87
310,410,6952,100600,UMTS,37.322524,-122.624662,5000,32
310,260,6592,100601,LTE,38.195011,-122.082245,2000,143
310,260,3689,100602,NR,37.235395,-122.505118,1000,186
310,410,4209,100603,LTE,37.758009,-122.829329,500,103
310,260,6536,100604,LTE,37.914985,-121.690493,5000,14
310,120,3018,100605,GSM,38.372429,-122.758604,5000,120
310,260,9172,100606,LTE,37.298689,-123.258882,500,144
310,410,9328,100607,GSM,38.389127,-122.721558,1000,180
310,260,2696,100608,LTE,37.27577,-122.726285,2000,132
310,120,5067,100609,LTE,38.042814,-122.701935,5000,90
310,260,3263,100610,LTE,38.152683,-122.50038,2000,182
310,120,4560,100611,LTE,37.484689,-122.522133,1000,162
310,120,3173,100612,UMTS,37.65658,-123.01355,1000,131
310,120,2890,100613,GSM,37.294365,-122.569608,2000,146
310,120,7839,100614,UMTS,37.323235,-122.355409,2000,111
310,260,7240,100615,LTE,37.927386,-122.873631,500,174
310,260,5695,100616,UMTS,38.033485,-122.309626,2000,40
310,410,4342,100617,GSM,38.0604,-122.937985,500,94
310,120,4675,100618,GSM,37.838623,-122.590557,5000,63
310,120,5712,100619,UMTS,37.1515,-122.468371,500,100
310,120,6122,100620,NR,37.107792,-121.768693,500,6
310,410,4695,100621,NR,37.765523,-122.688711,2000,196
310,260,4170,100622,LTE,37.287826,-122.764793,5000,48
310,260,9418,100623,LTE,37.911852,-122.435731,5000,13
310,260,3636,100624,NR,37.372805,-122.197872,2000,4
310,260,1654,100625,LTE,37.508005,-121.869183,2000,155
310,120,5934,100626,NR,38.546182,-122.127748,2000,21
310,260,4012,100627,NR,37.839861,-122.761298,500,132
310,410,2506,100628,LTE,38.011085,-121.997761,1000,57
310,410,4579,100629,GSM,37.612315,-122.726217,5000,146
310,260,2879,100630,UMTS,38.215402,-123.427899,2000,117
310,120,4994,100631,LTE,37.805316,-121.846915,2000,100
310,410,5203,100632,NR,38.502956,-122.904924,2000,9
310,410,9426,100633,NR,38.326952,-122.812403,5000,127
310,260,6248,100634,NR,38.494979,-122.186737,500,27
310,120,9736,100635,LTE,38.209266,-121.550421,500,56
310,120,7950,100636,LTE,37.485393,-123.024254,1000,140
310,120,8130,100637,NR,38.11623,-123.14238,500,194
310,120,6434,100638,LTE,37.744884,-122.500121,500,21
310,120,2154,100639,NR,38.361425,-122.181548,1000,69
310,410,8094,100640,LTE,37.454302,-122.179159,500,102
310,120,2036,100641,GSM,37.574196,-122.857923,500,182
310,120,2738,100642,LTE,37.965539,-122.726312,2000,158
310,410,7249,100643,LTE,38.284918,-122.067204,500,124
310,120,7406,100644,NR,37.911831,-122.184959,2000,165
310,120,7113,100645,LTE,38.099943,-121.946195,1000,34
310,410,9800,100646,NR,38.215696,-122.284055,500,81
310,120,6633,100647,LTE,37.917876,-121.782117,5000,168
310,260,4617,100648,NR,37.890389,-122.597607,2000,52
310,120,1891,100649,GSM,38.167179,-122.02604,5000,168
310,260,5107,100650,LTE,37.498847,-122.521174,1000,188
310,410,3100,100651,UMTS,37.021807,-122.896765,1000,28
310,260,6206,100652,NR,37.745742,-122.27092,5000,87
310,120,3496,100653,NR,37.552319,-122.647507,2000,83
310,410,5033,100654,LTE,37.980483,-122.48184,5000,73
310,120,6432,100655,NR,37.875732,-122.600707,5000,117
310,120,2783,100656,LTE,37.586236,-122.154528,500,74
310,120,4218,100657,LTE,37.89623,-122.589801,500,189
310,120,1511,100658,NR,37.835302,-122.384008,5000,199
310,120,5269,100659,NR,37.131925,-122.885972,5000,170
310,260,5767,100660,LTE,37.827563,-122.796378,5000,131
310,120,1173,100661,NR,37.423739,-122.445692,1000,160
310,260,8310,100662,LTE,37.538174,-123.035663,1000,147
310,260,8921,100663,LTE,38.262155,-122.605332,500,59
310,410,7052,100664,LTE,37.793204,-122.709102,500,174
310,410,7358,100665,NR,37.979882,-121.578164,5000,14
310,260,9542,100666,NR,38.265212,-122.275882,2000,192
310,260,7171,100667,NR,37.738227,-121.919627,5000,96
310,260,9465,100668,LTE,37.137381,-122.867009,5000,60
310,410,8976,100669,NR,37.450074,-122.457723,500,131
310,260,2263,100670,NR,38.052882,-122.710183,2000,57
310,120,2938,100671,NR,37.895034,-122.229827,1000,109
310,410,8844,100672,NR,37.984378,-123.011285,1000,154
310,260,4992,100673,LTE,38.125543,-121.776877,1000,149
310,120,1642,100674,NR,37.617427,-122.537371,1000,17
310,120,7642,100675,NR,38.172032,-121.636981,500,187
310,260,4548,100676,LTE,37.685295,-123.154637,5000,126
310,120,3338,100677,NR,38.090453,-121.757844,1000,162
310,120,6614,100678,LTE,37.627381,-122.683769,500,61
310,260,4315,100679,NR,37.640466,-122.27184,5000,41
310,120,1639,100680,NR,37.602485,-122.57326,500,26
310,120,9835,100681,LTE,37.591086,-122.395862,5000,136
310,120,9680,100682,LTE,37.148161,-122.029625,1000,126
310,120,2600,100683,LTE,37.859258,-122.799289,1000,68
310,260,5641,100684,NR,37.522894,-122.377748,5000,68
310,260,9561,100685,LTE,37.980531,-121.836344,500,99
310,410,7698,100686,LTE,37.473476,-122.923197,500,42
310,410,9783,100687,LTE,37.359684,-122.181624,2000,159
310,260,7770,100688,NR,37.690339,-121.822838,5000,48
310,410,6024,100689,NR,37.469613,-122.048855,2000,183
310,120,2951,100690,GSM,37.621874,-122.28917,1000,117
310,260,4513,100691,NR,37.951397,-123.37499,5000,89
310,120,1852,100692,LTE,37.9266,-122.943401,5000,165
310,260,8727,100693,NR,37.927784,-122.41359,5000,25
310,260,1618,100694,UMTS,38.002931,-122.308409,5000,105
310,120,1941,100695,GSM,37.454539,-122.737979,1000,166
310,120,9489,100696,LTE,37.723569,-122.417323,1000,11
310,120,4795,100697,NR,37.863496,-122.886709,1000,175
310,260,3579,100698,LTE,38.027123,-122.352946,2000,105
310,120,4281,100699,NR,37.563068,-122.099596,500,191
310,120,5661,100700,UMTS,37.54936,-123.278771,2000,91
310,120,4187,100701,LTE,38.049041,-122.49298,5000,150
310,120,2744,100702,NR,37.991928,-122.412149,500,131
310,120,5222,100703,NR,37.542042,-121.487059,2000,180
310,410,4985,100704,GSM,37.456141,-122.282446,2000,120
310,260,8896,100705,LTE,37.464259,-123.193902,2000,20
310,260,4767,100706,LTE,37.318032,-121.945332,5000,93
310,410,5067,100707,LTE,37.726236,-122.425188,500,105
310,260,3924,100708,NR,37.4754,-123.077801,2000,93
310,260,4115,100709,NR,37.864584,-121.907209,1000,63
310,260,4755,100710,LTE,37.709926,-123.228214,1000,161
310,260,2285,100711,UMTS,37.399099,-121.873029,5000,160
310,260,8901,100712,LTE,38.464705,-122.386572,2000,129
310,120,5501,100713,NR,38.354074,-122.91235,1000,198
310,260,3101,100714,LTE,38.020136,-122.582767,5000,125
310,410,7450,100715,UMTS,37.858563,-122.457497,1000,120
310,410,6171,100716,UMTS,38.310805,-122.510468,500,6
310,260,6331,100717,LTE,37.617968,-122.766545,2000,50
310,410,6621,100718,LTE,37.529276,-122.507816,1000,130
310,410,6981,100719,LTE,37.450973,-122.227664,2000,118
310,120,4744,100720,LTE,37.854033,-122.227556,2000,63
310,260,3389,100721,UMTS,37.126724,-122.687884,1000,124
310,410,3203,100722,NR,37.849672,-122.653666,2000,127
310,120,1781,100723,LTE,37.635808,-121.93052,500,179
310,410,8807,100724,NR,37.9012,-122.181033,500,118
310,410,5222,100725,LTE,37.76568,-122.729469,500,108
310,120,4259,100726,NR,38.283986,-121.864466,1000,75
310,410,8322,100727,LTE,37.453788,-121.946954,5000,160
310,260,3745,100728,NR,37.662368,-121.86885,2000,110
310,260,2296,100729,LTE,37.465586,-122.801929,2000,61
310,120,5382,100730,NR,37.577123,-121.883098,5000,72
310,410,9535,100731,LTE,38.239193,-122.871488,5000,45
310,120,4844,100732,NR,37.805438,-122.340273,2000,193
310,260,7505,100733,LTE,37.73131,-122.575037,500,19
310,260,1431,100734,GSM,38.14032,-122.594561,5000,137
310,410,3544,100735,LTE,37.78863,-122.585438,5000,82
310,410,3071,100736,LTE,37.848953,-121.770592,1000,10
310,410,8801,100737,LTE,38.095748,-122.337062,2000,143
310,120,9835,100738,LTE,36.905007,-122.060385,5000,164
310,410,9576,100739,NR,37.769997,-123.238739,2000,91
310,260,8239,100740,LTE,37.525326,-122.386371,2000,108
310,260,9574,100741,GSM,37.756566,-122.079791,1000,91
310,120,9059,100742,GSM,37.675728,-121.937475,5000,79
310,410,4788,100743,LTE,38.145646,-122.39506,2000,51
310,410,5094,100744,LTE,37.393339,-122.149288,5000,99
310,120,4924,100745,NR,37.801024,-122.259663,2000,75
310,410,7765,100746,LTE,37.518034,-122.815323,500,49
310,410,8418,100747,LTE,37.885532,-122.273001,5000,51
310,120,1362,100748,LTE,37.688545,-122.211852,500,75
310,120,1134,100749,LTE,37.70816,-121.790045,500,41
310,410,6104,100750,NR,38.018784,-122.393539,2000,121
310,260,3393,100751,LTE,37.745808,-122.515395,2000,103
310,260,5097,100752,LTE,38.13036,-122.223903,500,34
310,410,8257,100753,LTE,38.322172,-122.52008,500,53
310,120,4415,100754,NR,37.19206,-122.252092,5000,177
310,260,1691,100755,GSM,38.571793,-122.645847,500,67
310,410,1853,100756,UMTS,37.482041,-122.379743,1000,31
310,260,3742,100757,LTE,37.807794,-121.994183,500,104
310,260,8786,100758,UMTS,37.786314,-122.471364,1000,98
310,410,2497,100759,UMTS,37.80939,-122.719333,2000,197
310,120,3521,100760,UMTS,37.688079,-122.518789,500,35
310,120,6690,100761,LTE,37.470315,-122.392759,1000,8
310,260,5107,100762,LTE,37.652121,-122.768982,5000,183
310,120,9029,100763,LTE,37.504687,-122.291485,1000,142
310,410,3627,100764,LTE,37.447638,-121.888401,1000,118
310,410,8439,100765,LTE,37.697445,-122.119451,5000,190
310,410,4912,100766,LTE,37.801713,-122.347929,500,171
310,260,9586,100767,UMTS,38.408349,-122.57092,5000,199
310,410,7714,100768,NR,37.317602,-122.594557,2000,31
310,260,3126,100769,LTE,38.197177,-122.085825,500,54
310,260,7366,100770,NR,37.953462,-122.256842,5000,137
310,260,7002,100771,LTE,37.442147,-122.794801,500,6
310,410,2310,100772,LTE,37.991742,-122.535614,500,95
310,410,7046,100773,UMTS,37.003214,-122.755949,500,160
310,260,5979,100774,LTE,37.764896,-122.304726,1000,135
310,120,7313,100775,LTE,38.235909,-122.050991,1000,137
310,260,7802,100776,GSM,37.52375,-122.85265,500,199
310,410,7997,100777,LTE,37.56269,-122.707457,1000,49
310,120,3591,100778,NR,37.380291,-122.565825,5000,93
310,410,7090,100779,LTE,38.136789,-122.710133,5000,188
310,120,4504,100780,LTE,37.659234,-122.153599,2000,95
310,410,1003,100781,UMTS,38.145146,-122.523375,500,75
310,410,1107,100782,LTE,37.426504,-122.692793,1000,57
310,120,5521,100783,NR,37.820098,-122.485375,1000,27
310,260,5341,100784,LTE,38.09387,-122.33131,1000,62
310,120,7550,100785,NR,37.763299,-122.081615,1000,190
310,410,3832,100786,NR,38.049258,-122.254135,500,155
310,120,7251,100787,LTE,37.714386,-122.505453,500,200
310,410,7824,100788,LTE,37.410544,-121.709092,1000,194
310,260,7266,100789,LTE,37.502286,-122.864361,2000,137
310,260,6354,100790,NR,38.196514,-122.291861,1000,42
310,410,8300,100791,GSM,38.314189,-122.216914,500,59
310,260,3165,100792,LTE,37.215337,-122.12792,500,124
310,410,5301,100793,LTE,37.674619,-122.474602,5000,131
310,260,8879,100794,NR,37.278611,-122.1718,1000,127
310,120,9589,100795,LTE,37.414381,-122.101123,1000,21
310,120,2467,100796,LTE,37.737055,-121.997447,5000,111
310,410,1396,100797,GSM,37.624138,-122.224626,2000,46
310,410,3389,100798,LTE,38.257833,-122.462307,500,62
310,120,2405,100799,LTE,37.880188,-122.051543,500,65
310,410,1225,100800,LTE,38.53428,-122.707785,500,81
310,260,9814,100801,LTE,37.703482,-122.392915,1000,142
310,410,3315,100802,UMTS,37.506999,-122.464479,500,99
310,260,5185,100803,LTE,37.326989,-122.713538,500,75
310,410,1869,100804,LTE,37.939678,-121.831077,500,20
310,120,6901,100805,LTE,37.561856,-122.21446,500,77
310,260,7237,100806,NR,38.115737,-122.84797,500,83
310,260,4054,100807,LTE,37.305152,-122.367502,5000,146
310,260,9673,100808,LTE,37.84018,-122.45662,2000,128
310,410,6765,100809,LTE,37.614535,-122.274263,2000,63
310,410,2015,100810,NR,38.74502,-122.44731,2000,102
310,260,5590,100811,LTE,38.27124,-122.886257,1000,90
310,260,7262,100812,NR,38.183682,-122.771661,1000,109
310,410,6395,100813,LTE,37.787098,-122.189512,1000,55
310,120,4314,100814,LTE,37.509372,-122.851023,2000,179
310,260,8046,100815,GSM,37.656304,-122.887424,1000,170
310,410,2111,100816,NR,38.487862,-122.784041,500,50
310,120,1483,100817,GSM,37.478114,-121.669417,2000,108
310,120,5485,100818,LTE,38.063689,-122.501502,1000,30
310,120,5372,100819,NR,37.829534,-122.351602,1000,155
310,410,2302,100820,UMTS,37.834527,-121.813232,5000,37
310,120,7126,100821,LTE,37.298092,-122.42736,5000,128
310,260,1528,100822,LTE,37.56838,-122.380263,500,72
310,120,4323,100823,GSM,38.011188,-122.506771,1000,19
310,410,9027,100824,UMTS,38.16003,-121.526939,2000,120
310,260,7232,100825,UMTS,38.056146,-122.693618,2000,103
310,120,9784,100826,NR,37.334182,-122.844164,500,136
310,260,5025,100827,NR,38.07394,-122.139136,5000,191
310,120,1807,100828,LTE,38.110912,-122.322724,2000,115
310,410,8558,100829,LTE,37.535746,-122.215632,5000,78
310,120,3330,100830,LTE,37.686064,-122.506814,5000,26
310,120,9952,100831,LTE,37.745563,-122.612556,5000,108
310,410,4308,100832,LTE,37.739887,-122.338953,500,67
310,120,3686,100833,UMTS,37.547728,-121.902449,500,26
310,410,2397,100834,NR,38.063038,-122.132139,5000,189
310,260,7204,100835,NR,37.881832,-122.882463,5000,14
310,120,3459,100836,LTE,37.863293,-123.296012,1000,48
310,410,6071,100837,UMTS,37.788541,-122.54829,5000,76
310,260,4323,100838,LTE,37.652263,-122.562139,2000,6
310,120,1094,100839,NR,37.109681,-122.217274,5000,63
310,410,7719,100840,LTE,37.881058,-121.844942,500,156
310,120,5556,100841,NR,37.562856,-122.595705,1000,15
310,410,1601,100842,LTE,37.821792,-122.2959,500,173
310,410,2436,100843,LTE,37.355119,-122.675706,500,109
310,410,3906,100844,LTE,37.98236,-122.428738,2000,12
310,410,7208,100845,LTE,38.020984,-122.233072,5000,143
310,260,5496,100846,LTE,38.137368,-122.240368,5000,137
310,260,2790,100847,NR,37.834737,-122.154126,500,126
310,120,5705,100848,LTE,37.697557,-122.957215,2000,69
310,410,3125,100849,NR,36.649514,-122.626349,5000,136
310,260,4812,100850,UMTS,37.721332,-122.884821,2000,52
310,120,2932,100851,UMTS,37.852022,-122.418524,1000,160
310,410,6728,100852,NR,38.136768,-122.422032,1000,5
310,410,2111,100853,LTE,37.435051,-122.892625,2000,132
310,260,6460,100854,LTE,37.206697,-122.630366,5000,188
310,260,4178,100855,LTE,36.968475,-122.845482,2000,175
310,260,3224,100856,NR,37.381284,-122.360009,1000,163
310,410,8577,100857,LTE,37.095518,-122.223255,500,136
310,410,9779,100858,LTE,37.603325,-121.807335,1000,150
310,410,2084,100859,LTE,37.52748,-123.07843,2000,10
310,120,3719,100860,NR,37.594528,-122.09072,5000,50
310,410,6152,100861,UMTS,37.196494,-122.869805,500,72
310,260,7088,100862,LTE,37.423192,-122.177817,2000,58
310,410,1612,100863,GSM,37.560489,-122.458369,1000,26
310,410,9192,100864,LTE,37.701103,-122.3883,1000,90
310,120,6084,100865,GSM,38.279067,-122.719228,2000,39
310,120,3174,100866,LTE,37.794336,-122.599957,500,120
310,260,1067,100867,LTE,37.242221,-121.900039,500,178
310,410,8649,100868,LTE,38.185149,-123.080985,500,136
310,260,6114,100869,NR,37.833669,-123.077779,1000,85
310,120,6228,100870,GSM,37.862826,-122.106421,5000,174
310,410,2875,100871,LTE,37.921998,-122.266139,500,55
310,410,3319,100872,UMTS,37.348668,-122.552756,2000,149
310,120,6549,100873,NR,37.779275,-122.265694,5000,15
310,120,1826,100874,LTE,38.045041,-122.090326,5000,16
310,120,8304,100875,NR,38.074131,-122.213894,2000,82
310,120,9740,100876,LTE,37.659869,-122.188353,5000,148
310,120,8672,100877,LTE,38.208239,-121.879951,5000,82
310,410,8709,100878,LTE,37.554465,-122.996367,1000,39
310,410,7423,100879,LTE,38.086531,-122.843923,2000,86
310,410,2849,100880,LTE,37.69184,-122.390708,5000,121
310,410,3087,100881,NR,37.936254,-122.687953,500,106
310,410,2162,100882,LTE,38.032203,-123.070094,5000,105
310,260,9977,100883,LTE,37.557181,-122.578485,5000,101
310,120,8063,100884,LTE,37.993769,-122.309173,2000,142
310,120,2276,100885,UMTS,37.700701,-122.650974,5000,32
310,120,2599,100886,LTE,37.44828,-122.66347,1000,81
310,260,7208,100887,LTE,37.902778,-122.460981,5000,168
310,260,1003,100888,GSM,37.693331,-122.56663,1000,172
310,410,8326,100889,LTE,38.029863,-122.022465,1000,177
310,120,5989,100890,LTE,37.986976,-122.654496,2000,25
310,120,7622,100891,LTE,37.357184,-122.692602,2000,18
310,260,1013,100892,UMTS,37.474166,-122.049801,2000,31
310,260,8073,100893,UMTS,38.226159,-123.032945,5000,163
310,410,8130,100894,NR,37.632172,-122.061899,1000,172
310,120,7301,100895,LTE,37.863557,-122.225361,5000,42
310,260,3200,100896,LTE,37.604783,-121.630808,500,168
310,410,8155,100897,LTE,38.331687,-122.356393,500,38
310,410,7974,100898,NR,37.547527,-122.74268,1000,119
310,410,7303,100899,LTE,37.332107,-122.449371,1000,50
310,410,4878,100900,UMTS,37.736842,-122.397159,2000,108
310,260,1620,100901,NR,38.185645,-122.652799,5000,183
310,120,2311,100902,LTE,37.46221,-122.031974,2000,122
310,120,2449,100903,LTE,37.351237,-122.47116,5000,164
310,260,9834,100904,NR,37.728457,-123.434549,2000,159
310,260,8681,100905,LTE,38.078532,-122.299924,5000,149
310,410,5738,100906,LTE,37.737753,-122.835419,500,180
310,120,5267,100907,LTE,38.290144,-122.729456,5000,151
310,410,1447,100908,LTE,37.830373,-122.305643,5000,24
310,410,5129,100909,LTE,37.872741,-122.304992,2000,73
310,260,3860,100910,NR,37.812019,-122.472107,1000,171
310,410,4869,100911,NR,37.174581,-122.180417,1000,138
310,260,3376,100912,NR,37.982445,-122.698841,1000,129
310,410,4898,100913,NR,37.781167,-122.832188,5000,188
310,120,6653,100914,LTE,37.618554,-122.628807,2000,196
310,410,7533,100915,NR,37.823546,-122.538455,2000,124
310,120,4828,100916,LTE,37.760756,-123.087588,5000,124
310,410,1194,100917,LTE,37.740797,-121.929105,5000,100
310,120,1672,100918,LTE,37.386509,-123.339963,2000,113
310,410,6488,100919,LTE,37.384021,-122.79126,2000,28
310,410,4961,100920,UMTS,37.759334,-121.889794,1000,136
310,260,6132,100921,NR,37.495175,-121.897033,500,175
310,410,2600,100922,NR,37.906018,-122.411412,500,178
310,410,5127,100923,LTE,37.542621,-122.3256,500,9
310,120,4552,100924,NR,37.687272,-122.512733,500,184
310,120,3128,100925,LTE,37.918478,-122.463963,1000,31
310,410,2240,100926,NR,37.685311,-122.7075,5000,73
310,120,6298,100927,LTE,37.840096,-123.028931,1000,21
310,410,6450,100928,LTE,37.753466,-122.27793,2000,70
310,260,7432,100929,LTE,37.832978,-122.282981,5000,30
310,260,2740,100930,LTE,38.145321,-121.881546,2000,29
310,120,5105,100931,GSM,37.905452,-122.386186,5000,7
310,120,1014,100932,LTE,37.933065,-122.556881,5000,71
310,410,1060,100933,NR,37.95639,-122.127766,5000,125
310,260,9849,100934,LTE,37.153895,-122.11786,500,101
310,410,2985,100935,NR,38.394337,-122.629153,2000,88
310,120,2485,100936,LTE,37.627827,-122.787558,2000,23
310,410,4327,100937,LTE,38.095648,-122.987651,500,101
310,410,2749,100938,NR,37.618013,-122.704832,2000,127
310,120,4104,100939,LTE,38.201552,-122.131601,500,52
310,260,9015,100940,LTE,38.933677,-122.206538,500,141
310,410,1268,100941,LTE,37.519196,-122.78846,2000,17
310,410,2936,100942,LTE,37.482037,-121.874898,5000,176
310,120,4817,100943,LTE,38.072445,-122.780607,500,191
310,410,1750,100944,LTE,38.095922,-121.966782,1000,6
310,410,2594,100945,LTE,37.827489,-122.306318,1000,154
310,260,9145,100946,NR,38.369003,-122.130846,1000,19
310,120,7586,100947,LTE,37.898672,-122.816576,500,178
310,260,1746,100948,NR,37.605921,-122.519282,1000,88
310,410,3753,100949,UMTS,38.033121,-122.29559,2000,144
310,120,1666,100950,LTE,37.908037,-122.162094,500,164
310,260,8978,100951,LTE,37.313238,-122.86969,500,4
310,120,5648,100952,LTE,37.839801,-122.263272,5000,180
310,410,9570,100953,LTE,37.910792,-122.260357,5000,64
310,260,3949,100954,UMTS,38.219649,-122.627735,5000,159
310,410,6699,100955,LTE,38.24279,-122.592038,500,145
310,120,2567,100956,NR,37.79067,-122.220209,2000,197
310,410,4409,100957,LTE,38.19005,-122.458895,500,52
310,410,9151,100958,LTE,37.926057,-122.27152,1000,174
310,410,5670,100959,LTE,37.878053,-122.481655,5000,67
310,410,1709,100960,LTE,37.455087,-121.795074,500,140
310,410,9436,100961,LTE,38.050653,-121.792269,500,63
310,410,7865,100962,LTE,37.691063,-122.946895,2000,61
310,260,4884,100963,UMTS,37.831203,-122.768929,5000,54
310,410,8936,100964,LTE,37.599558,-122.220345,5000,40
310,260,7346,100965,LTE,37.876163,-121.88325,1000,120
310,410,4313,100966,LTE,37.681617,-122.974871,1000,11
310,260,2820,100967,LTE,37.731301,-122.550544,5000,110
310,410,3568,100968,NR,37.927483,-122.096453,1000,150
310,260,7745,100969,NR,38.450654,-122.566039,5000,58
310,410,1237,100970,UMTS,37.215609,-122.834005,5000,191
310,410,4643,100971,NR,37.958842,-122.636061,1000,149
310,260,1656,100972,NR,38.067039,-122.667622,500,111
310,120,2605,100973,LTE,37.382685,-122.508186,5000,64
310,120,7662,100974,LTE,38.282304,-122.085774,1000,94
310,260,1260,100975,NR,37.631453,-121.8654,2000,44
310,120,1399,100976,LTE,37.574932,-123.175848,5000,200
310,260,7068,100977,NR,38.126222,-121.942512,5000,183
310,260,7305,100978,UMTS,37.310394,-123.009498,2000,138
310,410,9887,100979,NR,38.135871,-122.333388,1000,178
310,120,1898,100980,NR,38.405435,-122.017567,2000,16
310,120,1669,100981,LTE,38.030878,-122.174377,2000,47
310,120,4354,100982,LTE,37.448443,-122.920712,2000,64
310,120,4437,100983,GSM,37.284032,-122.562063,1000,85
310,120,7929,100984,LTE,37.608844,-122.167338,500,19
310,120,9629,100985,LTE,37.507044,-122.104752,5000,184
310,410,8405,100986,NR,37.134114,-122.568202,2000,175
310,260,4085,100987,LTE,38.374411,-122.664296,500,23
310,260,2791,100988,LTE,37.605023,-122.260187,2000,31
310,260,9530,100989,NR,37.641104,-122.862215,500,78
310,260,8764,100990,LTE,37.316035,-122.116056,5000,116
310,260,2031,100991,LTE,37.769273,-122.502514,1000,136
310,410,6346,100992,NR,37.553349,-122.744439,5000,120
310,410,3813,100993,LTE,37.712838,-122.218769,1000,126
310,260,3430,100994,LTE,37.574862,-122.181708,2000,119
310,260,9770,100995,LTE,38.242604,-122.570281,1000,47
310,120,3514,100996,LTE,38.061149,-122.93971,1000,32
310,260,8223,100997,LTE,38.070157,-122.330154,2000,50
310,120,6192,100998,LTE,37.927417,-121.817245,1000,98
310,120,5940,100999,LTE,36.871408,-122.072596,500,106
310,410,6246,101000,LTE,38.318362,-122.706588,500,192
310,120,5842,101001,NR,37.375777,-122.555489,2000,196
310,260,8243,101002,LTE,38.228602,-122.482622,500,190
310,120,2914,101003,LTE,37.675662,-122.404334,500,105
310,410,2515,101004,LTE,37.592266,-122.609377,500,158
310,260,5553,101005,LTE,37.482603,-122.83005,500,24
310,120,2431,101006,NR,37.405844,-122.523221,5000,52
310,120,1918,101007,UMTS,37.299895,-122.386839,2000,104
310,410,7326,101008,LTE,38.185464,-121.790803,500,75
310,410,2435,101009,LTE,37.606183,-122.135368,5000,192
310,410,3683,101010,UMTS,38.405778,-122.452961,5000,189
310,120,2410,101011,LTE,37.927586,-122.552263,1000,80
310,410,2083,101012,NR,37.080104,-122.291655,5000,25
310,410,7791,101013,LTE,38.273961,-122.395667,5000,184
310,260,4047,101014,LTE,37.067665,-122.786896,2000,144
310,410,5979,101015,NR,37.124912,-122.375408,5000,60
310,410,5917,101016,NR,37.799051,-122.414701,5000,34
310,410,3938,101017,NR,37.354697,-123.114826,1000,10
310,260,6927,101018,NR,37.981269,-122.199715,5000,147
310,120,8799,101019,UMTS,37.526085,-122.298606,500,98
310,410,3668,101020,NR,37.318289,-122.460555,500,40
310,260,6855,101021,LTE,37.470337,-121.675845,500,72
310,410,1798,101022,LTE,37.454821,-121.983743,2000,138
310,260,4002,101023,GSM,37.684983,-122.541957,500,156
310,410,5932,101024,LTE,37.782141,-122.920413,2000,27
310,260,1211,101025,LTE,37.456673,-122.499304,2000,98
310,260,2678,101026,LTE,37.839831,-122.824887,1000,131
310,120,9612,101027,NR,37.815723,-122.165177,500,109
310,260,1284,101028,NR,37.639636,-122.380217,2000,82
310,410,9570,101029,GSM,37.705582,-122.623412,2000,47
310,260,4643,101030,LTE,37.753818,-122.512981,1000,179
310,260,2287,101031,LTE,37.801465,-122.214622,500,22
310,410,1696,101032,LTE,38.174863,-122.365134,500,11
310,260,8685,101033,LTE,37.887176,-122.882096,2000,14
310,260,3028,101034,NR,38.250004,-122.179364,1000,153
310,410,1479,101035,LTE,37.956864,-122.568158,1000,194
310,410,6770,101036,LTE,38.571857,-122.767856,1000,132
310,120,1229,101037,NR,37.630313,-122.497456,1000,186
310,120,1070,101038,UMTS,37.877165,-122.115611,500,57
310,410,7004,101039,UMTS,38.374679,-122.793564,1000,115
310,410,7219,101040,LTE,37.69781,-122.588421,1000,134
310,410,3025,101041,LTE,37.798975,-122.2256,500,136
310,120,5723,101042,NR,38.164682,-121.908241,500,24
310,410,8486,101043,NR,37.693083,-122.244438,2000,178
310,120,7672,101044,LTE,38.14986,-122.484021,5000,51
310,410,7020,101045,LTE,38.23662,-123.084247,500,175
310,410,9563,101046,NR,37.610126,-122.409509,500,33
310,120,2666,101047,UMTS,37.994807,-122.10217,1000,19
310,260,7623,101048,LTE,37.622093,-122.218047,1000,111
310,120,5472,101049,GSM,37.731011,-122.738692,5000,94
310,410,8938,101050,NR,37.304524,-122.337115,2000,40
310,410,9017,101051,NR,37.793788,-122.609452,1000,163
310,120,1865,101052,LTE,37.855312,-122.45419,5000,176
310,120,6356,101053,LTE,37.991689,-122.377363,2000,162
310,120,9518,101054,GSM,37.35206,-122.89203,5000,122
310,410,9270,101055,LTE,37.928259,-121.856838,2000,141
310,260,8051,101056,LTE,36.947459,-122.704605,5000,118
310,410,1589,101057,LTE,37.640691,-122.062244,1000,145
310,120,3689,101058,NR,37.446949,-123.005189,5000,37
310,260,9037,101059,NR,37.642011,-122.052484,5000,124
310,260,7412,101060,LTE,37.586248,-122.508318,5000,154
310,410,5660,101061,LTE,38.251665,-122.520254,500,10
310,410,6715,101062,UMTS,37.620391,-122.532185,500,198
310,260,8014,101063,LTE,38.023017,-122.649981,2000,108
310,260,4844,101064,NR,37.46889,-121.946029,2000,154
310,410,2875,101065,LTE,38.234798,-122.108822,1000,8
310,120,7921,101066,NR,37.681093,-122.445792,5000,71
310,260,6185,101067,LTE,38.165882,-122.361804,5000,85
310,260,4373,101068,LTE,37.203657,-122.739424,5000,131
310,260,5907,101069,LTE,37.970486,-122.969204,5000,54
310,260,9779,101070,LTE,37.096439,-122.404547,2000,70
310,410,4700,101071,NR,38.892381,-122.026231,500,186
310,410,5478,101072,LTE,37.86201,-122.567512,5000,112
310,120,5945,101073,NR,37.931006,-121.729249,2000,113
310,410,7591,101074,LTE,37.617887,-122.716215,5000,174
310,260,9457,101075,LTE,37.793536,-122.670966,5000,57
310,410,5389,101076,NR,37.428171,-123.050856,5000,147
310,260,6968,101077,LTE,37.756893,-122.558455,1000,64
310,410,8133,101078,LTE,38.086451,-121.926254,2000,19
310,410,5702,101079,NR,37.323797,-122.996289,1000,68
310,260,2860,101080,LTE,37.675631,-122.690183,1000,10
310,410,8952,101081,NR,37.793085,-121.67012,5000,111
310,260,5468,101082,LTE,37.716912,-122.507001,500,69
310,120,3883,101083,NR,37.844552,-122.732124,500,187
310,260,6143,101084,NR,37.704986,-122.412273,2000,19
310,410,2479,101085,LTE,38.065135,-122.658566,1000,63
310,260,9551,101086,UMTS,38.20964,-121.998109,2000,130
310,260,6134,101087,LTE,37.96804,-122.615076,5000,194
310,260,3363,101088,LTE,37.743802,-123.355288,1000,57
310,410,1916,101089,NR,38.144794,-122.500252,2000,182
310,410,8780,101090,UMTS,38.064512,-122.529915,1000,74
310,410,8786,101091,UMTS,38.372786,-123.065652,2000,81
310,120,1570,101092,UMTS,38.680312,-122.281578,500,179
310,410,7302,101093,LTE,38.228529,-122.715294,2000,178
310,410,7364,101094,LTE,38.281097,-121.861921,5000,68
310,260,5872,101095,LTE,37.516716,-121.528227,1000,115
310,120,7656,101096,LTE,37.286515,-123.023991,2000,23
310,410,7765,101097,LTE,38.14396,-123.270895,5000,28
310,120,2087,101098,LTE,38.019132,-122.972344,5000,157
310,410,8426,101099,UMTS,37.717528,-122.919011,500,198
310,120,8264,101100,NR,38.249664,-122.235157,1000,3
310,410,2347,101101,LTE,37.375333,-122.090518,1000,66
310,120,3131,101102,NR,36.854379,-122.527962,5000,84
310,260,5270,101103,LTE,37.09598,-122.175298,2000,75
310,260,7447,101104,LTE,37.889695,-122.026871,1000,8
310,120,4747,101105,LTE,38.52593,-122.709603,5000,53
310,260,7570,101106,NR,37.724309,-121.639871,5000,156
310,410,3787,101107,NR,37.765258,-122.246982,500,6
310,410,9096,101108,LTE,37.701534,-122.838634,1000,185
310,410,5717,101109,GSM,38.020312,-121.494385,5000,100
310,120,4531,101110,LTE,38.246246,-121.844321,1000,110
310,260,5754,101111,LTE,38.037869,-121.776857,1000,161
310,120,8506,101112,LTE,37.522897,-122.327772,500,123
310,120,7513,101113,UMTS,37.98204,-122.156909,1000,185
310,120,5198,101114,LTE,37.50175,-122.138895,500,145
310,260,8715,101115,LTE,38.068592,-122.289542,500,4
310,410,7466,101116,UMTS,37.763719,-121.863364,2000,36
310,120,3938,101117,LTE,38.214117,-122.521518,1000,131
310,410,3161,101118,LTE,37.456638,-122.403025,2000,184
310,260,6132,101119,LTE,37.58487,-122.461428,1000,130
310,120,6907,101120,LTE,38.234656,-122.96723,2000,70
310,410,9470,101121,LTE,37.325284,-122.860682,5000,45
310,260,8208,101122,LTE,37.322455,-121.235593,1000,41
310,410,5263,101123,LTE,37.984566,-122.333868,5000,114
310,410,1668,101124,LTE,38.32933,-121.853489,2000,184
310,260,3425,101125,LTE,37.415628,-122.584522,2000,26
310,260,9335,101126,LTE,37.85692,-122.10608,1000,152
310,120,3958,101127,LTE,37.806723,-122.419856,500,66
310,410,1425,101128,LTE,37.835109,-123.016734,500,103
310,260,6300,101129,LTE,37.210627,-121.762727,500,23
310,410,8439,101130,NR,37.242994,-122.264269,2000,155
310,260,8423,101131,LTE,37.603943,-122.718909,1000,57
310,410,6294,101132,LTE,38.186043,-122.964136,500,143
310,410,5180,101133,LTE,38.102382,-122.536085,1000,200
310,260,3669,101134,LTE,37.875315,-122.548723,5000,75
310,260,2975,101135,LTE,37.251154,-123.213162,5000,113
310,120,3151,101136,LTE,37.704952,-123.318686,500,97
310,410,8805,101137,LTE,37.370241,-122.456245,5000,26
310,120,4053,101138,LTE,37.800947,-123.148939,5000,26
310,410,4673,101139,NR,38.084702,-122.327453,1000,129
310,260,5762,101140,LTE,37.277059,-122.517885,5000,23
310,260,3093,101141,UMTS,38.107867,-122.670366,2000,66
310,260,2253,101142,LTE,37.485046,-122.467803,500,133
310,120,5151,101143,LTE,37.635997,-122.338406,2000,152
310,260,8583,101144,LTE,38.135576,-122.186785,1000,103
310,120,5876,101145,LTE,38.123468,-122.302962,5000,196
310,410,6592,101146,LTE,37.539823,-122.909985,1000,50
310,410,2742,101147,LTE,38.650703,-121.883626,500,4
310,120,8817,101148,LTE,37.729651,-122.379253,5000,171
310,410,5961,101149,NR,38.239004,-122.53515,2000,179
310,410,5958,101150,LTE,37.52803,-122.962981,1000,37
310,260,4083,101151,LTE,37.944775,-122.402431,1000,126
310,410,9824,101152,LTE,37.47337,-122.885182,500,80
310,410,1357,101153,LTE,37.799398,-122.644194,1000,42
310,410,8724,101154,LTE,37.748139,-122.852563,5000,152
310,410,1834,101155,LTE,37.788443,-122.08542,500,29
310,410,9121,101156,UMTS,37.397325,-122.881294,2000,12
310,120,8993,101157,LTE,37.372285,-122.383177,500,138
310,120,2040,101158,LTE,38.230375,-122.356895,5000,124
310,120,6681,101159,LTE,38.137492,-122.044986,5000,8
310,410,6633,101160,LTE,38.072766,-121.87292,1000,132
310,410,8675,101161,LTE,37.919924,-121.559294,2000,188
310,120,6902,101162,NR,37.561709,-123.403832,1000,162
310,260,8911,101163,LTE,37.917331,-121.828635,1000,54
310,410,9089,101164,LTE,38.001135,-122.032109,1000,56
310,410,5273,101165,LTE,36.529612,-122.950347,1000,47
310,260,2043,101166,LTE,38.124063,-123.167952,5000,32
310,260,8968,101167,LTE,37.643653,-122.555995,2000,93
310,120,5382,101168,LTE,37.847775,-123.100202,500,183
310,410,2817,101169,LTE,38.579135,-122.118061,500,146
310,120,2934,101170,LTE,37.934389,-122.370188,2000,43
310,120,9165,101171,UMTS,37.700406,-123.041374,500,42
310,260,3014,101172,LTE,37.584568,-122.707575,5000,109
310,410,6592,101173,LTE,37.779748,-122.465054,1000,24
310,410,6908,101174,NR,37.719173,-121.788644,1000,41
310,260,3260,101175,LTE,37.78356,-122.910594,5000,107
310,120,6927,101176,LTE,38.466108,-123.008137,5000,40
310,120,2140,101177,LTE,37.845188,-123.050426,2000,83
310,410,2007,101178,LTE,37.284087,-122.020685,500,172
310,120,1947,101179,NR,37.951867,-122.526454,2000,110
310,120,5986,101180,UMTS,37.34306,-122.070232,2000,91
310,120,3406,101181,UMTS,38.058115,-122.403316,5000,117
310,120,8244,101182,UMTS,37.322348,-123.076565,2000,169
310,410,2380,101183,LTE,37.583389,-122.26966,2000,102
310,260,9527,101184,NR,37.685376,-123.067983,2000,57
310,120,6582,101185,GSM,38.145012,-122.140333,1000,8
310,120,5238,101186,LTE,38.389977,-122.294935,2000,188
310,120,1982,101187,LTE,37.407631,-122.197991,2000,163
310,120,3043,101188,LTE,37.595147,-122.429087,2000,149
310,260,9737,101189,NR,37.743184,-122.857384,1000,92
310,120,3293,101190,UMTS,37.617002,-121.854389,5000,136
310,120,4154,101191,GSM,37.761963,-122.607444,2000,119
310,410,2342,101192,LTE,38.225518,-122.055094,500,111
310,410,2279,101193,LTE,38.079222,-122.712652,5000,153
310,410,9172,101194,NR,37.208163,-122.670998,5000,115
310,120,7830,101195,LTE,37.456904,-123.32101,1000,132
310,260,9408,101196,NR,38.159694,-121.967738,500,180
310,120,3569,101197,NR,37.867083,-121.978839,2000,33
310,260,7055,101198,NR,37.486804,-122.663711,2000,13
310,410,7135,101199,LTE,37.601501,-122.447956,2000,127
310,120,7910,101200,LTE,37.966251,-122.380556,2000,75
310,410,1034,101201,LTE,37.913785,-121.696911,2000,20
310,120,6074,101202,NR,38.024729,-122.721818,5000,89
310,120,3175,101203,GSM,37.852684,-122.864855,1000,132
310,120,8357,101204,LTE,37.386997,-122.931643,2000,25
310,410,7344,101205,LTE,37.934165,-122.981854,5000,89
310,410,5544,101206,NR,36.922429,-122.676045,500,45
310,120,6060,101207,NR,37.653776,-122.92179,500,167
310,120,9877,101208,NR,37.561801,-122.514681,500,148
310,120,1305,101209,LTE,37.197082,-122.510227,1000,7
310,120,8278,101210,LTE,37.737786,-122.151189,2000,105
310,260,6569,101211,LTE,37.42972,-122.66592,1000,109
310,410,5213,101212,LTE,38.198834,-122.345604,500,28
310,260,5187,101213,GSM,37.497829,-122.504487,500,42
310,260,1965,101214,NR,37.649853,-122.036066,2000,49
310,410,2617,101215,LTE,37.894662,-122.395803,1000,108
310,260,1849,101216,LTE,37.986429,-122.611805,1000,195
310,120,9264,101217,LTE,37.564082,-122.587614,500,71
310,410,2072,101218,NR,38.138204,-122.253099,500,107
310,260,5409,101219,NR,37.257203,-123.078227,500,66
310,260,5990,101220,NR,37.816297,-122.998301,5000,117
310,260,3332,101221,LTE,38.204808,-122.133363,1000,65
310,120,8401,101222,LTE,37.417584,-122.517536,500,121
310,120,3742,101223,LTE,38.247795,-122.554138,500,126
310,120,7228,101224,LTE,37.736088,-122.118617,1000,152
310,260,9750,101225,NR,37.928364,-122.693159,500,79
310,260,5578,101226,LTE,38.23299,-122.08847,1000,159
310,120,6613,101227,NR,37.145233,-122.441201,2000,195
310,120,6269,101228,LTE,37.701579,-122.727636,1000,120
310,120,3190,101229,NR,38.076925,-122.510358,500,158
310,120,3843,101230,LTE,37.02962,-122.292872,5000,198
310,120,2270,101231,NR,37.662357,-122.316741,500,174
310,410,6864,101232,LTE,37.605809,-122.350069,1000,199
310,260,8580,101233,LTE,38.155813,-123.482263,1000,116
310,410,6862,101234,LTE,38.350975,-122.380622,500,160
310,260,4838,101235,NR,37.325656,-122.93435,2000,12
310,120,4425,101236,LTE,37.629218,-121.568597,1000,166
310,120,9197,101237,NR,37.213402,-121.928615,1000,144
310,120,3875,101238,LTE,37.973335,-121.804438,1000,193
310,120,4734,101239,NR,38.023926,-122.296137,2000,52
310,120,9731,101240,NR,37.818492,-122.490128,2000,177
310,410,1849,101241,LTE,37.417039,-122.581673,5000,107
310,410,9119,101242,LTE,37.695391,-121.822294,500,187
310,410,9723,101243,LTE,37.819878,-122.100713,2000,4
310,120,1415,101244,UMTS,37.529097,-122.192478,1000,179
310,260,4225,101245,LTE,37.652704,-122.346934,2000,82
310,260,8863,101246,LTE,38.227567,-122.203802,500,154
310,410,5049,101247,LTE,38.014193,-123.313932,5000,64
310,410,9514,101248,LTE,38.41451,-122.612958,500,156
310,120,8314,101249,NR,37.340155,-122.883435,500,24
310,410,6132,101250,UMTS,38.545273,-122.561537,500,35
310,260,5939,101251,NR,38.357955,-122.145828,5000,19
310,260,5831,101252,LTE,37.870038,-122.33848,5000,27
310,120,1173,101253,LTE,37.508197,-122.696057,5000,121
310,120,2659,101254,LTE,37.976671,-123.210061,500,119
310,260,2682,101255,LTE,37.311642,-122.476884,500,154
310,120,3064,101256,NR,37.831187,-122.673809,2000,93
310,410,4046,101257,LTE,37.280625,-122.11349,1000,14
310,410,9407,101258,NR,38.055808,-122.291145,2000,82
310,260,3415,101259,NR,37.397013,-122.669946,2000,157
310,260,9481,101260,NR,37.589847,-122.099197,1000,17
310,120,1894,101261,LTE,37.826145,-121.681933,2000,53
310,260,2120,101262,LTE,38.270139,-122.503544,1000,173
310,410,6425,101263,NR,37.244106,-122.326152,2000,160
310,260,8443,101264,LTE,37.679042,-122.079558,5000,59
310,120,4772,101265,LTE,38.212516,-122.69454,1000,64
310,410,7158,101266,LTE,37.180679,-122.336841,5000,50
310,260,2208,101267,LTE,37.793606,-122.46066,500,145
310,260,6896,101268,LTE,37.992216,-122.199915,500,53
310,410,3855,101269,LTE,37.844614,-122.185134,1000,48
310,410,2657,101270,LTE,37.847415,-122.184647,1000,100
310,410,4444,101271,LTE,37.365235,-123.107102,5000,64
310,260,9633,101272,NR,37.544211,-122.137374,5000,185
310,260,4107,101273,LTE,37.95413,-122.330183,5000,180
310,120,5006,101274,LTE,37.441646,-122.034957,1000,140
310,260,1872,101275,NR,37.720498,-122.201222,2000,35
310,410,4428,101276,UMTS,38.322618,-123.264078,500,123
310,260,9333,101277,LTE,37.898076,-122.953752,2000,130
310,120,7125,101278,NR,37.556626,-122.449151,5000,186
310,120,7569,101279,NR,38.156267,-122.543796,500,56
310,260,7486,101280,LTE,37.819769,-122.154865,2000,111
310,410,5170,101281,NR,38.123565,-122.754528,500,37
310,120,6760,101282,LTE,37.777884,-122.753868,500,122
310,410,8660,101283,LTE,37.458888,-122.447281,5000,97
310,410,1404,101284,LTE,37.877536,-122.74842,5000,62
310,260,5825,101285,NR,37.76127,-122.261246,500,73
310,260,6902,101286,LTE,37.917571,-122.500418,1000,88
310,410,5496,101287,LTE,37.877805,-122.081821,1000,195
310,410,1139,101288,GSM,37.682521,-122.908813,2000,75
310,410,7647,101289,NR,38.043456,-123.047813,500,123
310,260,7512,101290,LTE,37.177443,-123.411881,1000,188
310,120,8679,101291,UMTS,37.772748,-122.873103,5000,90
310,260,8025,101292,GSM,37.853863,-122.754103,5000,56
310,260,7139,101293,LTE,37.139827,-122.125054,1000,81
310,120,6810,101294,LTE,37.820661,-122.438842,1000,110
310,120,9808,101295,LTE,37.252463,-122.118569,2000,153
310,260,3518,101296,LTE,38.38237,-122.317298,5000,100
310,120,7331,101297,LTE,37.873761,-122.037637,5000,30
310,120,5991,101298,LTE,37.349513,-121.51963,1000,29
310,120,9005,101299,LTE,37.675383,-122.642218,1000,53
310,410,4373,101300,LTE,38.589301,-121.985055,2000,171
310,410,9495,101301,LTE,37.393989,-122.486656,1000,86
310,260,2814,101302,LTE,38.003887,-122.736927,5000,125
310,260,3128,101303,LTE,37.759936,-122.816079,2000,113
310,260,6084,101304,NR,37.989024,-122.957803,1000,131
310,260,1121,101305,LTE,37.694495,-122.853125,5000,19
310,260,9615,101306,LTE,37.990315,-122.90572,5000,120
310,260,5717,101307,NR,37.67877,-122.393167,5000,91
310,410,7407,101308,NR,37.605375,-123.019739,1000,109
310,120,8079,101309,LTE,37.778983,-121.561092,5000,171
310,410,1715,101310,LTE,37.959211,-121.945404,1000,73
310,120,2093,101311,UMTS,38.096591,-122.753697,1000,129
310,260,7041,101312,LTE,37.271748,-122.06092,500,132
310,410,3700,101313,LTE,37.807151,-122.772806,1000,132
310,120,8567,101314,LTE,37.853173,-122.393633,2000,193
310,260,1175,101315,LTE,37.589278,-122.263927,500,184
310,120,8606,101316,NR,38.045168,-122.596516,5000,20
310,120,8171,101317,LTE,38.219586,-122.129315,5000,74
310,260,2646,101318,LTE,37.891372,-122.624666,2000,34
310,260,1183,101319,UMTS,37.43464,-122.505435,2000,42
310,120,1564,101320,UMTS,37.570852,-122.328184,1000,116
310,120,2684,101321,LTE,37.556143,-123.138427,2000,116
310,410,4305,101322,LTE,37.80693,-122.406889,2000,64
310,260,1238,101323,LTE,37.794354,-122.350993,1000,177
310,260,3750,101324,UMTS,37.654439,-122.665952,1000,14
310,410,6286,101325,NR,37.63073,-122.322905,1000,162
310,410,2979,101326,LTE,37.891278,-121.937751,1000,30
310,410,6181,101327,LTE,37.640733,-122.225716,5000,57
310,410,7045,101328,LTE,37.649861,-122.381535,500,58
310,410,2668,101329,UMTS,37.267891,-122.057254,1000,67
310,120,7366,101330,UMTS,38.233013,-122.557217,1000,88
310,120,6209,101331,UMTS,38.042923,-121.815126,5000,20
310,120,8354,101332,LTE,37.530619,-121.948047,1000,131
310,260,1347,101333,NR,36.883997,-123.043061,500,82
310,260,2300,101334,LTE,37.806507,-121.997818,1000,98
310,410,4348,101335,NR,37.539776,-122.41725,500,63
310,410,6385,101336,LTE,38.193791,-122.669385,2000,84
310,120,7797,101337,NR,37.40813,-122.950094,2000,195
310,410,6615,101338,LTE,38.445514,-122.304454,1000,141
310,260,4644,101339,NR,38.51236,-122.121497,5000,136
310,260,2058,101340,NR,37.610327,-122.030146,500,52
310,260,3057,101341,LTE,38.804925,-122.01961,1000,154
310,260,4871,101342,NR,37.180697,-122.634623,500,112
310,120,4236,101343,LTE,37.727578,-122.760713,5000,48
310,120,8344,101344,NR,37.540851,-122.629183,1000,72
310,410,7524,101345,LTE,38.035156,-122.767983,1000,123
310,120,8101,101346,GSM,37.387508,-122.248522,1000,126
310,260,5918,101347,NR,38.115291,-122.370725,1000,144
310,410,6011,101348,LTE,37.735433,-122.724605,2000,99
310,410,3238,101349,UMTS,37.4043,-122.593722,5000,53
310,260,9203,101350,UMTS,37.902799,-122.205117,2000,128
310,410,7113,101351,LTE,37.475321,-122.18532,5000,81
310,410,1636,101352,LTE,37.480045,-122.832245,5000,147
310,410,6711,101353,NR,38.085631,-121.841018,5000,165
310,120,7313,101354,LTE,37.571183,-122.991508,1000,65
310,410,1462,101355,UMTS,36.993099,-122.29353,1000,69
310,260,5166,101356,LTE,37.11176,-123.010597,1000,6
310,120,7297,101357,LTE,37.889331,-122.301551,500,135
310,260,7993,101358,LTE,38.378601,-122.857561,2000,131
310,410,6045,101359,UMTS,38.277409,-122.537641,5000,195
310,260,2790,101360,NR,38.177562,-122.871557,2000,39
310,120,7520,101361,UMTS,37.746284,-122.147059,2000,4
310,260,2587,101362,LTE,38.417166,-122.479371,5000,137
310,410,3795,101363,LTE,37.524734,-122.254754,2000,50
310,260,9234,101364,LTE,37.708694,-122.674135,5000,148
310,260,3993,101365,GSM,37.863166,-122.655062,1000,69
310,410,2789,101366,NR,38.48,-122.506074,1000,23
310,410,2052,101367,LTE,37.68365,-122.043999,500,152
310,260,1155,101368,LTE,37.813411,-121.960562,2000,195
310,260,2586,101369,LTE,38.272387,-122.583753,500,99
310,410,8961,101370,NR,36.952667,-123.12943,2000,157
310,410,6164,101371,LTE,37.470555,-122.254266,2000,173
310,410,6410,101372,LTE,37.388628,-122.092141,500,119
310,260,1420,101373,NR,38.018664,-122.71405,500,138
310,260,7036,101374,LTE,37.675018,-121.809927,5000,134
310,120,6278,101375,LTE,37.581878,-122.28541,2000,14
310,120,8279,101376,LTE,38.335581,-122.543315,5000,105
310,410,8010,101377,NR,37.732735,-123.12875,500,190
310,120,3345,101378,NR,37.416282,-122.057422,500,35
310,120,9990,101379,LTE,37.625501,-122.417174,1000,117
310,120,4946,101380,LTE,38.160534,-122.547289,1000,46
310,260,2728,101381,LTE,37.785402,-123.006627,500,44
310,410,5593,101382,LTE,38.05564,-122.57284,2000,173
310,260,3224,101383,NR,37.036099,-122.292742,5000,26
310,260,2059,101384,NR,37.863772,-122.764621,2000,99
310,120,7252,101385,NR,38.262341,-122.772111,5000,62
310,260,2824,101386,LTE,37.80361,-122.223781,2000,192
310,260,7025,101387,LTE,37.585786,-122.560789,2000,100
310,260,9775,101388,LTE,37.756936,-122.430174,5000,111
310,120,3069,101389,NR,37.633549,-122.074093,1000,30
310,410,6176,101390,LTE,37.430553,-122.115375,2000,59
310,120,5643,101391,LTE,37.388817,-122.418936,500,156
310,120,3022,101392,LTE,37.598509,-121.991972,5000,164
310,120,7171,101393,LTE,37.969041,-122.830995,2000,42
310,120,4687,101394,UMTS,37.88805,-122.662211,500,48
310,410,3608,101395,LTE,38.125725,-122.924533,5000,89
310,410,7412,101396,LTE,37.424649,-122.207258,500,138
310,260,9978,101397,LTE,37.733406,-122.741774,500,36
310,260,5981,101398,LTE,37.499125,-121.785344,1000,150
310,410,3372,101399,LTE,38.1255,-121.949893,1000,194
310,410,2670,101400,UMTS,37.945014,-121.872336,1000,99
310,260,1922,101401,LTE,38.126536,-122.548865,2000,124
310,120,6545,101402,NR,37.824068,-122.300698,5000,41
310,260,2946,101403,LTE,37.526258,-122.710695,5000,128
310,260,7150,101404,GSM,37.621698,-121.909992,500,121
310,410,8292,101405,LTE,38.11018,-122.854604,500,33
310,120,9351,101406,LTE,37.907641,-122.282873,500,153
310,410,2549,101407,NR,37.365675,-122.650276,1000,101
310,410,5888,101408,NR,37.27394,-122.362345,1000,28
310,120,4029,101409,LTE,37.522857,-121.856077,500,103
310,120,9004,101410,LTE,37.367554,-122.590515,500,195
310,260,3960,101411,NR,37.791964,-123.457994,1000,4
310,260,1641,101412,LTE,37.183238,-122.661507,1000,170
310,260,2386,101413,LTE,38.013146,-121.983055,2000,96
310,120,1001,101414,LTE,37.984863,-122.47102,2000,14
310,410,9750,101415,LTE,38.174653,-122.579952,1000,150
310,410,9818,101416,NR,37.472205,-122.398602,1000,179
310,260,1601,101417,LTE,38.301441,-121.987893,1000,79
310,260,4539,101418,NR,37.925555,-122.638272,2000,74
310,260,5177,101419,LTE,38.112604,-122.016133,5000,169
310,260,5164,101420,UMTS,38.065839,-122.649484,5000,180
310,120,5413,101421,NR,37.921765,-122.207876,1000,185
310,120,3687,101422,LTE,37.419258,-121.998087,1000,83
310,260,5055,101423,LTE,38.147687,-122.439628,2000,34
310,410,2080,101424,LTE,37.254001,-122.538671,500,95
310,260,4698,101425,LTE,38.286118,-122.794073,500,28
310,410,2720,101426,LTE,37.114485,-121.684816,1000,137
310,410,2565,101427,NR,37.734245,-122.758495,2000,182
310,410,2623,101428,LTE,37.51879,-122.562012,1000,84
310,410,9711,101429,NR,38.103191,-122.550468,5000,125
310,120,9414,101430,UMTS,37.548189,-122.589153,1000,171
310,120,5380,101431,LTE,38.014316,-122.141036,2000,184
310,410,8500,101432,LTE,37.86561,-123.012773,5000,93
310,410,8008,101433,NR,37.898865,-122.870139,1000,81
310,410,7660,101434,GSM,37.676628,-122.547822,2000,26
310,260,2534,101435,LTE,37.682223,-122.539048,500,24
310,410,1175,101436,LTE,37.756483,-122.927387,1000,125
310,120,9722,101437,UMTS,37.242865,-122.411014,500,106
310,120,1119,101438,UMTS,38.001371,-122.396737,5000,182
310,120,9652,101439,UMTS,37.460355,-122.498154,500,158
310,120,4687,101440,LTE,37.573226,-122.342347,500,96
310,260,7925,101441,NR,37.998768,-122.825883,5000,46
310,120,5092,101442,NR,37.654884,-122.279249,500,77
310,260,1036,101443,UMTS,37.686169,-122.101728,5000,58
310,120,9446,101444,LTE,38.487861,-122.847181,5000,161
310,260,8542,101445,LTE,37.844685,-122.531598,2000,93
310,120,4050,101446,LTE,38.028742,-122.187986,2000,5
310,260,9668,101447,NR,38.102449,-122.142588,1000,108
310,260,5098,101448,LTE,38.063093,-122.094792,5000,104
310,260,9788,101449,LTE,37.540269,-122.148913,500,115
310,260,6795,101450,GSM,37.56577,-122.777242,5000,4
310,260,2813,101451,LTE,37.326422,-121.793753,2000,13
310,410,1517,101452,LTE,38.019161,-122.108003,1000,125
310,260,7899,101453,NR,38.741673,-122.705315,5000,177
310,410,9222,101454,UMTS,37.70593,-122.765098,5000,36
310,260,3066,101455,LTE,37.903936,-122.297819,2000,131
310,260,6605,101456,LTE,38.304532,-122.367363,500,114
310,260,8027,101457,LTE,37.492076,-122.378965,1000,189
310,260,5317,101458,UMTS,37.510404,-122.440783,1000,173
310,120,2688,101459,UMTS,37.874817,-122.659675,1000,51
310,120,3436,101460,LTE,38.24253,-122.444429,500,36
310,260,3395,101461,LTE,37.54705,-122.233398,500,160
310,410,7673,101462,NR,37.992576,-121.659552,2000,182
310,410,7980,101463,NR,37.604949,-122.635051,500,133
310,260,5411,101464,LTE,37.672667,-122.361772,2000,92
310,260,3977,101465,LTE,37.711888,-122.711943,500,16
310,410,8734,101466,LTE,37.610384,-122.71745,500,113
310,410,6476,101467,LTE,38.114054,-121.526163,500,27
310,260,6426,101468,LTE,37.516257,-122.948758,2000,193
310,410,4903,101469,NR,37.852202,-122.90213,2000,56
310,260,3137,101470,NR,37.645865,-122.505773,500,13
310,120,4120,101471,LTE,37.114316,-122.875934,5000,28
310,410,5939,101472,UMTS,38.167275,-122.191341,5000,197
310,260,3094,101473,LTE,37.940968,-121.809311,5000,143
310,120,6690,101474,LTE,37.598625,-123.238175,5000,164
310,260,8910,101475,LTE,37.618012,-123.280462,500,45
310,260,5745,101476,LTE,37.335825,-122.779918,500,180
310,410,9723,101477,NR,38.0107,-121.736363,500,45
310,120,7393,101478,LTE,37.38882,-122.23743,2000,55
310,260,1145,101479,NR,37.858095,-122.203173,5000,131
310,410,4609,101480,LTE,37.662854,-122.890434,2000,144
310,120,4902,101481,LTE,37.957531,-122.225598,500,166
310,260,5430,101482,LTE,38.20841,-121.753985,1000,56
310,410,7047,101483,LTE,37.756809,-122.423966,500,183
310,260,7690,101484,NR,37.97932,-122.628026,2000,86
310,260,6824,101485,LTE,38.263641,-122.471275,2000,48
310,120,2743,101486,UMTS,37.772563,-122.34843,5000,170
310,120,4377,101487,LTE,37.752247,-121.858823,1000,86
310,410,3550,101488,LTE,37.720464,-121.894996,1000,189
310,410,2535,101489,NR,37.725071,-122.798766,1000,120
310,260,9036,101490,UMTS,38.051611,-121.688257,1000,168
310,260,7458,101491,UMTS,37.714584,-122.081668,1000,20
310,410,7594,101492,LTE,38.003771,-122.088578,1000,189
310,260,7191,101493,LTE,37.77505,-122.481001,500,31
310,120,1716,101494,LTE,38.049889,-123.021511,1000,200
310,120,1221,101495,LTE,37.9429,-122.308127,500,141
310,120,2392,101496,LTE,37.747214,-122.781593,1000,125
310,260,6036,101497,LTE,37.819783,-123.262446,5000,42
310,410,9906,101498,LTE,37.791947,-121.918828,500,14
310,120,7804,101499,LTE,38.0094,-122.217349,500,60
